01 01 2018 01:10,387.2421875,5.306049824,414.8981788,257.9494934
01 01 2018 01:40,498.1817017,5.724115849,535.841397,251.8509979
01 01 2018 03:20,722.8640747,6.220024109,700.7646999,255.9264984
01 01 2018 23:30,3373.969971,13.00304985,3600,197.1307068
02 01 2018 01:50,3604.068115,13.68774986,3600,199.0195007
02 01 2018 18:10,3515.965088,12.2751503,3558.399068,190.5794983
02 01 2018 19:10,2679.110107,10.66594982,3141.292611,194.0843964
02 01 2018 20:30,3391.716064,11.85929012,3498.353994,201.7106018
03 01 2018 00:10,2446.424072,9.498130798,2468.761378,174.677002
03 01 2018 02:00,737.4487915,6.267045021,717.8434981,211.2003021
03 01 2018 02:20,1520.890015,8.21955204,1658.119112,172.135498
03 01 2018 04:30,1451.713989,7.766314983,1399.150382,170.8444977
03 01 2018 06:10,1580.902954,7.854953766,1448.061049,197.8014984
03 01 2018 10:30,446.343811,5.452712059,455.4989836,201.0330963
03 01 2018 19:20,1205.10498,7.518618107,1267.568261,207.7772064
04 01 2018 03:00,1122.334961,7.185342789,1101.653759,198.135498
04 01 2018 04:20,1562.116943,7.944521904,1498.388472,194.2440033
04 01 2018 08:50,498.1903076,5.501014233,469.2917094,195.8029938
04 01 2018 09:10,253.5845032,4.649808884,254.4003993,191.6334991
04 01 2018 15:20,0,5.414981842,444.8721366,61.62747955
04 01 2018 19:00,1190.81604,7.068666935,1047.201966,33.49834061
04 01 2018 22:00,470.2001038,5.59703207,497.3508864,23.50094986
05 01 2018 02:00,723.1392212,6.398931026,767.0202867,32.30049896
05 01 2018 04:30,434.5010986,5.488460064,465.6863498,17.45406914
05 01 2018 10:30,0,1.635233045,0,65.39498138
05 01 2018 12:20,0,3.092607975,19.64955416,302.644989
06 01 2018 06:30,0,0.638341486,0,147.8424988
06 01 2018 14:20,0,4.424263,206.1385051,204.7044983
06 01 2018 19:00,579.4661865,6.073575974,649.0899498,189.644104
07 01 2018 03:40,3602.949951,12.8583498,3596.308785,205.0074005
07 01 2018 09:00,2915.782959,10.49806023,3064.862613,200.5782928
07 01 2018 22:20,3602.812988,12.63634968,3587.914985,223.2433014
07 01 2018 23:10,3015.029053,11.06149006,3293.722877,224.7324982
08 01 2018 04:50,1151.322998,7.453350067,1233.889358,223.3424988
08 01 2018 05:10,1033.328003,7.102694988,1062.896174,230.6490021
08 01 2018 08:40,107.5957031,3.786334038,90.62838673,205.3704987
08 01 2018 11:40,193.0794983,4.30862093,182.552627,195.1956024
08 01 2018 17:00,498.3258057,5.879827976,585.1930068,217.4197998
08 01 2018 18:30,354.183197,5.178981781,381.2173979,217.8014984
08 01 2018 19:30,533.9011841,6.233302116,705.5634331,224.5644989
08 01 2018 20:00,626.7866211,6.461894989,791.1660824,218.5552063
09 01 2018 03:10,206.9544983,4.631585121,250.3834206,269.8913879
09 01 2018 14:10,262.1498108,4.990509987,333.6716367,69.02514648
09 01 2018 21:30,871.3751831,5.602399826,498.9451155,89.061203
10 01 2018 01:00,281.8738098,4.714985847,268.9445202,137.2913055
10 01 2018 01:30,130.5039978,4.213234901,163.6425044,140.5498962
10 01 2018 03:30,0,2.055049896,0,137.7456055
10 01 2018 09:30,0,1.63132596,0,153.5498047
10 01 2018 14:20,178.2068024,4.282464981,177.3196481,137.5175018
10 01 2018 22:50,448.7044983,5.73307991,538.6160934,229.6949005
11 01 2018 16:00,932.4849854,6.689681053,882.2090936,168.9024048
11 01 2018 21:20,1476.498047,7.971399784,1513.661279,212.9295959
11 01 2018 22:50,943.1107788,6.9161129,978.6685481,213.7174988
12 01 2018 18:50,164.5513,4.265349865,173.9151301,42.57110977
13 01 2018 20:10,3503.958008,13.05714989,3600,40.75283813
13 01 2018 21:10,1908.331055,11.7164402,3470.800339,39.55644989
13 01 2018 23:30,372.7349854,14.24145031,3600,35.03020096
14 01 2018 07:50,270.4981079,10.88652992,3230.890633,36.34542084
14 01 2018 12:30,0,8.498535156,1827.090366,27.48994064
14 01 2018 15:00,0,7.495349884,1255.570347,37.62543106
14 01 2018 18:40,0,5.602359772,498.9332091,51.18167114
14 01 2018 19:50,0,5.895658016,590.3495957,61.93498993
14 01 2018 21:40,0,6.49810791,805.2509854,62.2186203
14 01 2018 22:20,0,7.762310982,1396.962711,58.4987793
15 01 2018 05:00,0,5.49843502,468.5498184,71.55766296
16 01 2018 02:30,0,12.81694984,3595.289066,206.5731964
16 01 2018 09:20,0,14.56064987,3600,205.0498047
16 01 2018 10:40,3569.281982,12.87384987,3596.626956,198.5821991
16 01 2018 14:40,2835.499023,10.63574982,3128.083318,209.1362
16 01 2018 17:10,3401.85498,11.67296028,3461.67242,202.7832947
16 01 2018 21:20,3439.553955,13.52974987,3600,197.1911926
16 01 2018 21:50,3501.498047,13.69849014,3600,201.2434998
16 01 2018 23:50,3574.103027,12.61824989,3586.910167,203.6508026
17 01 2018 02:00,3508.133057,13.33734989,3600,205.0668945
17 01 2018 09:00,3581.022949,12.84854984,3596.089764,198.753006
17 01 2018 09:20,3585.60498,14.31029987,3600,199.8598938
17 01 2018 15:40,3469.858887,14.93704987,3600,185.4306946
17 01 2018 20:40,3461.806885,19.13537025,3600,195.9674988
18 01 2018 00:40,3461.184082,15.91524982,3600,191.2841034
18 01 2018 02:30,3462.116943,17.14366913,3600,202.4983063
18 01 2018 22:30,2124.843018,8.998849869,2143.249481,299.6021118
19 01 2018 00:10,1999.546021,8.328128815,1723.124984,285.9241943
19 01 2018 02:20,2289.688965,8.751437187,1985.151498,282.6917114
19 01 2018 06:30,1268.764038,7.132184982,1076.620718,241.1782074
19 01 2018 09:30,2483.930908,9.612821579,2526.886784,221.4987946
19 01 2018 14:00,2540.60498,10.13665962,2874.187417,196.6049042
20 01 2018 01:50,3604.10498,15.07995033,3600,207.1622925
20 01 2018 04:30,3604.302002,15.43144989,3600,208.1343994
20 01 2018 07:50,3461.35498,18.01350021,3600,200.7908936
20 01 2018 16:00,3461.466064,18.88689041,3600,189.0514984
20 01 2018 17:10,3460.648926,17.47771072,3600,191.4544983
21 01 2018 07:20,2630.200928,10.04986954,2822.721699,198.1625977
21 01 2018 07:40,1799.965942,8.091968536,1583.094954,201.260498
21 01 2018 18:30,3245.874023,11.46584988,3413.265906,179.2342072
22 01 2018 04:40,266.0002136,4.536550045,229.7764473,101.1624985
22 01 2018 10:00,438.9498901,5.145188808,372.4850426,32.57294846
22 01 2018 10:10,637.4852905,5.89201498,589.1605687,21.29009056
22 01 2018 15:30,2998.823975,10.70635986,3158.605958,14.04981041
22 01 2018 17:10,2875.156006,10.5001297,3065.849839,11.5274601
22 01 2018 19:00,3545.269043,14.53044987,3600,13.03931046
23 01 2018 04:40,0,7.09462595,1059.160892,12.65194988
23 01 2018 19:10,563.6088867,8.806694984,2020.198968,26.77947998
24 01 2018 04:00,91.64988708,9.940713882,2754.685176,28.42119026
24 01 2018 04:10,1.359599948,10.01144981,2799.200649,24.30168915
25 01 2018 15:30,0,9.185713768,2264.334985,37.13871002
30 01 2018 20:00,0,9.349851608,2371.518197,261.1982117
30 01 2018 21:50,1238.313965,7.625865936,1323.582434,334.4249878
31 01 2018 01:40,104.7820969,4.06493187,135.1498559,35.61663055
31 01 2018 13:40,0,3.399394989,41.54194823,229.2548981
31 01 2018 19:30,150.5924988,4.308765888,182.5817308,276.6900024
01 02 2018 03:00,3603.194092,13.74808979,3600,202.2044983
01 02 2018 04:20,3603.653076,14.28324986,3600,202.1473999
01 02 2018 10:40,3598.303955,13.78652954,3600,187.510498
01 02 2018 11:30,3332.659912,11.58664989,3442.501706,203.3744965
01 02 2018 19:40,3602.818115,15.66804981,3600,196.2006073
01 02 2018 23:30,3602.351074,19.32184982,3600,198.8005981
02 02 2018 13:10,3601.85498,17.90880966,3600,193.691803
03 02 2018 08:40,3602.35498,20.90732002,3600,182.645401
04 02 2018 09:10,3602.830078,20.49856949,3600,182.1703949
04 02 2018 14:40,3602.10498,19.80794907,3600,219.732605
05 02 2018 04:10,401.9544983,5.467133045,459.5946382,33.26200867
05 02 2018 08:50,1170.302002,7.356275082,1184.79498,63.4278717
05 02 2018 14:50,891.6629028,6.606472015,848.2721436,47.2024498
05 02 2018 15:40,1124.745972,7.287734985,1150.962299,55.67689133
05 02 2018 17:30,1338.10498,7.784567833,1409.147311,74.51290131
05 02 2018 22:20,2595.400879,10.39573002,3014.601441,71.05924988
06 02 2018 00:10,1842.10498,8.949677467,2111.601895,61.90866089
06 02 2018 01:40,1785.511963,8.767066002,1995.047288,63.00374985
06 02 2018 02:10,2174.708984,9.498869896,2469.246707,62.23305893
06 02 2018 09:00,498.4838867,5.539646149,480.4774582,74.61691284
06 02 2018 12:20,0,1.245074987,0,193.5144958
06 02 2018 13:20,15.36458969,3.352974892,37.26249846,71.07565308
06 02 2018 13:30,60.49861908,3.774991035,88.84860154,64.38995361
06 02 2018 15:40,439.9100037,5.601627827,498.7156619,63.35572052
06 02 2018 16:30,461.9674988,5.769215107,549.8825045,71.71008301
06 02 2018 18:50,301.7113953,5.121811867,366.4982326,135.2742004
06 02 2018 19:30,56.63154984,3.701272964,77.78343652,141.7960052
07 02 2018 00:50,0,2.736294985,0,157.8350067
07 02 2018 04:20,504.6498108,6.019590855,630.6193972,207.6170044
07 02 2018 04:40,472.3218079,5.60107708,498.5520037,203.2873993
07 02 2018 21:50,3599.893066,13.0404501,3600,175.3984985
08 02 2018 09:50,3543.60498,16.09707069,3600,208.3692932
08 02 2018 17:10,1702.734985,8.454295158,1799.885437,254.3632965
09 02 2018 03:20,1680.348999,8.047498703,1557.313493,225.1912994
10 02 2018 11:20,0,1.709694982,0,117.5779037
10 02 2018 13:30,169.6074982,3.973553896,122.9782997,100.3074036
10 02 2018 15:00,714.3984985,5.900230885,591.8440711,101.7046967
10 02 2018 16:30,1798.791016,8.56344986,1867.262852,122.3778992
10 02 2018 18:20,531.9498291,5.756259918,545.8282422,140.5164948
11 02 2018 03:30,3498.922119,12.62407017,3587.238621,191.5348969
11 02 2018 05:50,3445.792969,13.12664986,3600,184.9915009
11 02 2018 17:10,1795.921997,8.498123169,1826.836359,245.3838959
12 02 2018 01:10,8.941523552,3.544986963,57.20044604,260.7455139
12 02 2018 01:30,-0.077133402,2.749634981,0,271.6351013
12 02 2018 11:30,0,2.56406498,0,209.3135986
12 02 2018 12:00,0,2.039949894,0,263.4820862
12 02 2018 12:20,0,1.000856996,0,287.635498
12 02 2018 17:20,7.381134987,2.901916027,0,212.2330933
13 02 2018 13:50,138.2198029,4.161336899,153.5498264,202.8771973
13 02 2018 21:50,3460.60498,15.39828968,3600,185.8038025
14 02 2018 04:40,3552.802979,13.26628017,3600,175.9544983
14 02 2018 23:00,3007.498047,10.86128998,3221.237369,193.2440948
15 02 2018 03:50,2255.60498,9.816329002,2672.509428,187.3592072
15 02 2018 06:10,211.2400055,4.498766899,221.7387398,205.7041931
15 02 2018 23:40,2970.649902,10.64914989,3133.973142,69.01920319
16 02 2018 00:40,2897.822998,10.46498966,3048.930489,68.7040863
16 02 2018 04:30,2366.878906,9.464080811,2446.407647,56.69498062
17 02 2018 01:10,1520.590942,7.790774822,1412.555787,53.3260498
17 02 2018 02:20,987.4816284,6.801417828,929.0442721,40.36894989
17 02 2018 06:10,2355.737061,9.435853958,2427.885736,33.8144989
17 02 2018 10:30,2212.60498,8.956354141,2115.89307,35.08618164
17 02 2018 18:40,747.675415,6.198608875,693.0649835,49.07641983
17 02 2018 21:10,521.0640259,5.600709915,498.4429143,70.87863922
18 02 2018 04:00,0,1.747794986,0,125.4436035
18 02 2018 05:10,0,2.071708918,0,176.1074982
18 02 2018 16:00,0,1.457504988,0,75.32436371
19 02 2018 14:30,1692.081055,8.250641823,1676.628081,58.80784988
19 02 2018 14:50,2833.164063,10.51904011,3074.817924,59.07498169
19 02 2018 22:00,3264.072021,11.62804985,3451.873131,69.59922028
19 02 2018 23:00,2355.85498,9.734877586,2615.926282,70.18408203
20 02 2018 04:20,1618.843994,8.221874237,1659.498626,68.26486969
20 02 2018 13:30,230.0240021,4.872996807,305.4011517,74.4986496
20 02 2018 17:50,3.240334988,2.393836021,0,100.879097
20 02 2018 22:50,0,2.424688101,0,106.774498
21 02 2018 00:30,0,2.086668968,0,108.8704987
21 02 2018 05:10,0,2.28281498,0,151.3787994
22 02 2018 00:20,527.8024292,6.226583004,703.1327499,133.8144989
22 02 2018 01:50,226.210495,4.824923992,294.125401,148.9674988
22 02 2018 09:20,0,6.782310963,920.9312912,210.4989929
22 02 2018 13:30,0,7.94405508,1498.123891,249.5207977
22 02 2018 16:40,14.33088017,3.643693924,69.74555498,294.1170044
22 02 2018 17:30,0,1.682531953,0,288.385498
23 02 2018 01:50,38.02970886,3.534323931,55.93853082,28.49827957
23 02 2018 07:40,0,9.654006004,2557.510067,69.1849823
23 02 2018 13:20,0,9.381549835,2392.280807,56.40129089
23 02 2018 23:40,1004.89502,7.05760479,1042.132498,65.59932709
24 02 2018 20:00,899.9998779,6.772778034,916.8997067,64.81764984
25 02 2018 02:00,955.4987183,10.0712204,2835.595708,39.4623909
25 02 2018 15:00,198.1291046,6.522733212,814.9119866,51.69264984
25 02 2018 19:30,0,8.306729317,1710.232908,73.14983368
26 02 2018 03:30,0,11.60624981,3446.979091,77.81259918
26 02 2018 04:00,0,10.45180988,3042.498695,75.66306305
27 02 2018 05:40,1345.956055,7.494607925,1255.184983,208.7463074
27 02 2018 11:30,1901.584961,8.185605049,1638.008498,198.9291992
27 02 2018 19:00,316.4985962,4.881155014,307.331108,198.3159943
28 02 2018 10:40,2256.820068,9.31344986,2347.696695,278.5712891
28 02 2018 19:00,0,4.046620846,131.7042635,50.05149841
01 03 2018 00:50,0,5.599915981,498.20707,28.51563072
03 03 2018 07:00,3601.250977,17.82184982,3600,187.9172974
03 03 2018 09:30,3475.51001,20.85214996,3600,219.8014984
03 03 2018 12:30,3405.866943,12.69962978,3591.044982,258.2987976
03 03 2018 16:50,3584.35791,13.76875019,3600,246.5924988
03 03 2018 17:10,3589.062988,13.7649498,3600,245.1544037
04 03 2018 15:40,448.1954956,5.860414982,578.9048989,16.68471909
05 03 2018 05:00,0,3.703799963,78.14834985,198.5323944
05 03 2018 10:10,0,3.28234911,31.41285309,162.4983978
05 03 2018 11:40,0,3.013324022,16.44057108,129.8984985
06 03 2018 00:10,3164.541992,11.95034981,3514.017465,211.6784973
06 03 2018 02:50,3574.762939,11.97004986,3517.215766,173.0839996
06 03 2018 05:10,3272.10791,11.51214981,3424.807981,186.451004
06 03 2018 14:00,3468.399902,11.93914986,3512.16917,210.2700043
06 03 2018 17:00,3498.214111,12.24007034,3554.443485,216.660202
06 03 2018 18:10,3530.262939,17.27049065,3600,217.0794983
06 03 2018 18:30,3535.498047,16.04777908,3600,217.5646057
07 03 2018 01:50,3462.185059,18.09832001,3600,192.2174988
07 03 2018 03:20,3462.323975,21.6140995,3600,198.9394989
07 03 2018 04:50,3462.35498,18.08344078,3600,188.5794067
07 03 2018 11:50,3597.725098,14.69194984,3600,217.353302
07 03 2018 18:50,3473.343018,12.31624985,3562.782582,222.9167023
07 03 2018 19:10,3209.667969,11.5767498,3440.212192,227.8126984
07 03 2018 22:30,3602.374023,14.21584988,3600,220.7749939
08 03 2018 00:40,3244.696045,11.72004986,3471.542377,216.5411987
08 03 2018 03:30,3187.466064,11.47984982,3416.800533,215.5691071
08 03 2018 11:10,2689.9729,10.03001022,2810.620795,247.8294983
08 03 2018 17:30,554.8862305,5.847791195,574.8368498,294.0539856
09 03 2018 11:00,0,2.656302929,0,162.3144989
09 03 2018 16:00,0,1.583294988,0,345.6809998
10 03 2018 05:10,0,3.781414986,89.85402993,63.36219025
10 03 2018 09:40,0,2.089982986,0,64.82949829
10 03 2018 15:00,0,2.879463911,0,224.8704987
10 03 2018 16:50,323.0234985,5.304979801,414.6088662,221.647995
10 03 2018 21:20,1498.499023,8.334015846,1726.678305,226.9537048
11 03 2018 10:20,488.3517151,5.767449856,549.3290857,212.6573029
11 03 2018 10:30,427.1687012,5.362808228,430.3862878,208.7734985
11 03 2018 13:40,456.0234985,5.759346008,546.7924903,213.0475006
12 03 2018 05:40,2151.10498,9.951940536,2761.856104,194.0178986
12 03 2018 14:40,1326.467041,7.850055218,1445.334398,193.4987946
12 03 2018 21:40,3388.60498,12.61056995,3586.469009,191.6600037
13 03 2018 17:00,2770.731934,10.79856014,3196.584618,227.4980011
14 03 2018 04:50,3603.813965,14.33498001,3600,206.0592041
14 03 2018 10:30,2641.85498,10.22758007,2925.677693,227.7192993
14 03 2018 19:40,946.2349854,6.870130062,958.5816692,231.4754944
15 03 2018 00:20,3289.145996,11.49872971,3421.505926,195.3733063
15 03 2018 00:30,3298.831055,11.50864983,3423.950203,197.3652954
15 03 2018 02:20,2639.271973,10.34014988,2986.094621,205.8143005
15 03 2018 04:10,2622.931885,10.83815002,3212.253703,203.8014984
15 03 2018 12:10,109.5522995,3.836519957,98.74988963,208.6289063
15 03 2018 12:40,98.20700836,3.84612298,100.3498632,208.4194946
15 03 2018 15:50,0,1.520444989,0,261.9562988
16 03 2018 03:10,1173.734985,7.482841969,1249.085252,205.6640015
16 03 2018 04:40,3061.63501,11.14126968,3320.072391,202.9954987
16 03 2018 09:00,1696.80896,8.287705421,1698.80443,190.8144989
16 03 2018 16:50,3601.529053,13.5142498,3600,199.290802
16 03 2018 21:30,3603.430908,15.68074989,3600,198.5041962
17 03 2018 00:30,3603.664063,16.49836922,3600,211.2790985
17 03 2018 03:20,3603.85498,16.43106079,3600,199.9615021
18 03 2018 01:50,3602.947021,19.44498062,3600,187.3804016
18 03 2018 12:30,1225.322021,7.353166103,1183.245654,187.010498
18 03 2018 14:10,3047.783936,11.38504982,3392.101126,229.517395
18 03 2018 15:30,3602.498047,16.29479027,3600,202.2581024
19 03 2018 06:00,1965.545044,8.75498867,1987.399021,195.7872925
19 03 2018 07:50,634.5922852,6.049889088,640.9473336,180.4172974
20 03 2018 06:50,3601.184082,19.98644066,3600,215.4394989
20 03 2018 08:30,3601.85498,19.62277031,3600,215.8011932
20 03 2018 09:50,3602.649902,18.01144981,3600,218.6786957
20 03 2018 10:40,3494.237061,12.64982033,3588.631094,225.6083069
20 03 2018 20:50,3556.72998,12.57394981,3584.243712,223.602005
20 03 2018 21:00,3344.447998,11.71376991,3470.249859,226.8634949
20 03 2018 21:30,0,10.20893955,2915.319968,228.4980927
21 03 2018 08:30,3455.876953,12.55714989,3583.155239,180.7617035
21 03 2018 11:30,2631.789063,10.26035976,2943.646454,192.6204987
21 03 2018 14:30,2275.60498,9.478865623,2456.112521,223.1342926
21 03 2018 22:00,0,2.712944984,0,344.463501
22 03 2018 10:10,3499.791992,11.94194984,3512.633286,73.94300842
22 03 2018 10:30,3584.052002,12.38175011,3569.214985,72.30063629
22 03 2018 22:50,1233.697021,7.498799801,1257.36331,151.3370056
22 03 2018 23:30,1038.55603,7.450654984,1232.507312,152.7861938
24 03 2018 00:10,608.3602295,6.29681778,728.7804802,202.760498
24 03 2018 00:20,498.7015076,5.886639118,587.4085097,206.9172058
24 03 2018 07:10,8.542498589,2.979846001,0,312.930603
24 03 2018 10:10,0,1.349822998,0,326.6418152
24 03 2018 12:00,0,2.845494986,0,65.47289276
24 03 2018 14:50,4.050856113,2.875365019,0,118.9534988
24 03 2018 20:10,414.2101135,5.829833984,569.0783927,193.4544983
24 03 2018 21:50,49.92602921,4.125498772,146.657896,175.190094
25 03 2018 08:30,195.9062958,4.309892178,182.8078981,185.8498993
25 03 2018 09:40,543.9091187,5.650794983,513.4430767,194.3506927
25 03 2018 13:30,1593.449951,8.001913071,1531.09243,205.9264984
25 03 2018 16:40,596.4981079,6.010016918,627.3762797,226.6446991
26 03 2018 00:40,3604.031006,14.8849802,3600,179.7205963
26 03 2018 05:50,3603.85498,15.20213985,3600,173.2324982
26 03 2018 06:00,3603.520996,15.2104702,3600,173.3704987
26 03 2018 09:40,3498.375977,12.97171974,3597.841177,176.6082001
26 03 2018 17:50,956.093689,6.869637012,958.3676892,189.4985046
26 03 2018 18:50,708.367981,6.688531876,881.7349834,190.0251007
27 03 2018 09:20,2953.513916,10.91378975,3241.147025,207.3424988
27 03 2018 09:30,3318.428955,12.94172001,3597.614312,208.4394989
27 03 2018 11:30,3153.491943,11.51741982,3426.095034,218.3014984
27 03 2018 20:10,1125.543945,7.172232151,1095.44431,239.8984985
28 03 2018 03:40,332.5585938,5.316524982,417.7356454,182.5500031
28 03 2018 05:30,215.4674988,4.795906067,287.3980515,156.9465027
28 03 2018 17:40,1781.234985,8.592623711,1885.411392,52.69028091
28 03 2018 23:20,2595.543945,9.795295715,2658.111182,33.17649841
29 03 2018 01:30,3140.845947,11.04986954,3289.76663,26.01766014
29 03 2018 01:40,2807.279053,10.3274498,2979.459307,25.2012291
29 03 2018 03:50,3598.35498,13.37034035,3600,18.48681068
29 03 2018 06:00,2809.02002,10.56764984,3097.435578,21.60784912
29 03 2018 14:20,1184.82605,7.426854134,1220.349863,8.336096764
29 03 2018 14:30,1181.790039,7.498335838,1257.122076,10.10709953
30 03 2018 04:20,0,3.244987965,28.64114309,301.1029053
30 03 2018 06:40,0,2.167254925,0,36.49876022
30 03 2018 12:50,0,1.041944981,0,295.5299988
31 03 2018 03:10,2407.989014,10.41314983,3023.359433,204.2057037
31 03 2018 04:40,3137.820068,11.46284008,3412.500937,195.4674988
31 03 2018 06:10,1991.234985,9.096231461,2206.203362,188.4411926
31 03 2018 06:50,1836.844971,8.929388046,2098.573553,183.6764984
31 03 2018 13:00,776.1773071,6.650312901,866.0538995,197.0924988
31 03 2018 19:20,3604.243896,15.91664982,3600,183.0677032
01 04 2018 10:50,3498.925049,15.97698021,3600,194.4409027
01 04 2018 12:30,3602.893066,19.04981995,3600,197.8303986
01 04 2018 22:50,1376.552979,7.696253777,1361.149893,271.0776978
02 04 2018 15:00,408.2174988,5.408738136,443.1258779,258.9993896
02 04 2018 21:50,1135.890991,7.35830307,1185.806365,252.0514984
03 04 2018 00:10,405.5137024,5.428977013,448.7990049,351.894989
03 04 2018 08:10,0,2.498795986,0,36.7156601
04 04 2018 12:40,0,1.038007021,0,317.4249878
04 04 2018 15:50,0,0.654498518,0,63.9464798
05 04 2018 03:30,0,6.895311832,969.5498185,222.107193
05 04 2018 05:00,255.2713928,4.95736599,325.5944983,225.0702057
05 04 2018 20:10,0,1.833950996,0,235.9394989
05 04 2018 21:00,0,0.715756416,0,250.1484985
06 04 2018 01:40,0,1.94064796,0,63.60498047
06 04 2018 08:50,0,1.326794982,0,70.12052917
06 04 2018 09:30,0,1.32714498,0,79.04499817
06 04 2018 13:20,531.2498169,6.155737877,677.7985902,59.00944901
06 04 2018 18:50,2496.10498,10.68342018,3148.828196,52.93265152
06 04 2018 19:40,2671.816895,10.78394985,3190.705955,62.79198074
06 04 2018 21:30,3588.85498,13.34745979,3600,62.776371
07 04 2018 02:20,238.2301025,4.05505991,133.2903386,51.00374985
07 04 2018 14:20,0,1.864320993,0,150.385498
08 04 2018 04:10,0,1.933184981,0,90.93501282
08 04 2018 08:50,1297.703003,7.780145168,1406.721438,47.94649887
08 04 2018 09:00,1571.984985,8.197922707,1645.293489,43.31446075
08 04 2018 18:40,2597.10498,10.78534031,3191.267669,50.08031082
09 04 2018 04:20,189.8937988,4.719964981,270.0671739,71.1713562
09 04 2018 09:00,7.083580971,2.907049894,0,118.0663986
09 04 2018 11:50,59.74314117,4.002684116,123.4985078,82.49916077
09 04 2018 17:40,714.498291,6.648752213,865.4171222,63.94729996
10 04 2018 07:30,0,2.083498955,0,67.92893219
10 04 2018 15:20,152.3435059,4.449837208,211.4567493,65.10922241
10 04 2018 15:30,169.3424988,4.466690063,214.9822022,66.76428986
10 04 2018 20:00,0,1.642984986,0,157.9721985
11 04 2018 08:10,0,1.816856027,0,254.2498016
11 04 2018 13:40,102.1904984,3.99871707,127.753809,223.9210968
11 04 2018 15:00,0,2.435204983,0,277.4801941
11 04 2018 18:20,0,1.498828053,0,236.9546967
12 04 2018 09:20,0,1.697494984,0,38.91876984
12 04 2018 16:00,49.8664093,3.949826002,118.5679868,42.46855164
12 04 2018 22:30,0,1.012104988,0,170.7630005
13 04 2018 19:30,0,3.314871073,34.00737773,42.18144989
13 04 2018 23:00,133.7870026,4.498952866,221.7780899,67.20485687
14 04 2018 10:40,123.1399994,4.400115967,201.1516198,61.5498085
14 04 2018 18:20,3498.562012,13.59541035,3600,81.17369843
15 04 2018 06:20,1103.366943,6.641517162,862.4687866,81.04988098
15 04 2018 08:50,3313.191895,12.31624985,3562.782582,82.2616272
16 04 2018 03:10,251.7330017,4.535251141,229.4986884,92.84928131
16 04 2018 10:20,0,3.191236019,25.04524981,158.0531006
16 04 2018 14:00,85.91094208,4.04991293,132.3226058,109.7044983
16 04 2018 15:20,200.0924988,4.612158775,246.1248398,140.9871979
16 04 2018 19:20,572.2479858,6.371349812,756.5799036,158.8632965
17 04 2018 00:00,0,2.316174984,0,93.45201874
17 04 2018 00:50,0,4.585949898,240.4173993,249.8029938
17 04 2018 04:40,2227.741943,10.00547028,2795.498577,221.0063934
17 04 2018 08:30,104.4264984,4.232727051,167.4682917,188.4420929
17 04 2018 20:40,50.30091858,3.911550999,111.6436498,52.06805038
18 04 2018 09:20,84.25602722,4.028181076,128.2498588,61.83108902
19 04 2018 00:20,3603.63501,15.3849802,3600,53.61154938
19 04 2018 02:50,3604.10498,14.69095993,3600,59.66664886
19 04 2018 03:00,3604.11499,14.36023045,3600,57.49829102
19 04 2018 09:00,1720.234985,8.473366737,1811.595649,43.46533966
19 04 2018 11:20,2515.179932,9.758402824,2632.498522,31.30328941
19 04 2018 17:40,2808.176025,11.36565018,3386.823291,47.80498886
19 04 2018 19:10,3400.518066,12.04374981,3528.58984,47.24142838
20 04 2018 01:00,8.145353317,3.047904968,17.71654986,33.73421097
20 04 2018 08:40,2022.421021,8.833848,2037.480141,27.63224983
20 04 2018 16:40,3521.968994,12.64241028,3588.240516,31.66498947
20 04 2018 21:40,2279.664063,9.483758926,2459.324986,62.3230896
21 04 2018 06:10,479.9059143,5.601326942,498.6262486,35.03606033
21 04 2018 07:30,563.6856079,5.774846077,551.6499498,28.56985092
21 04 2018 22:20,13.56622982,3.14249897,22.18444356,55.26417923
22 04 2018 01:40,163.0998993,4.494609833,220.8596546,46.07498169
22 04 2018 04:20,432.7349854,5.922008038,598.9912642,72.57203674
22 04 2018 10:20,0,1.480674982,0,317.8132019
22 04 2018 17:30,0,0.542451084,0,117.7034988
25 04 2018 00:30,0,2.414985895,0,38.79045868
25 04 2018 07:30,0,2.141930103,0,22.44824982
25 04 2018 08:20,0,2.727415085,0,29.93844986
25 04 2018 09:10,0,3.190486908,24.99840202,74.49846649
25 04 2018 11:10,0,2.884980917,0,53.84249115
25 04 2018 23:00,445.4985962,5.962516785,612.4194636,76.63739777
27 04 2018 06:40,637.2202148,6.455761909,788.7949843,59.40871048
27 04 2018 09:30,490.6368103,5.857263088,577.8876498,66.82274628
27 04 2018 12:10,966.010498,6.964879036,1000.256648,33.11418915
27 04 2018 18:50,3370.498047,12.56700993,3583.799242,68.46430206
28 04 2018 03:00,3219.531006,12.14986992,3543.355749,72.45131683
28 04 2018 03:50,3283.38501,12.41804981,3572.489767,74.7592392
28 04 2018 04:30,2947.498047,11.66602039,3460.18291,74.26271057
28 04 2018 10:30,3205.887939,11.86011028,3498.501592,61.25651932
28 04 2018 17:00,3216.10498,12.13173962,3540.96598,69.07552338
28 04 2018 23:50,3271.219971,12.30924988,3562.055018,72.3691864
29 04 2018 05:40,262.5681152,4.586894989,240.6224568,117.3914032
29 04 2018 08:30,0,2.426074982,0,162.4687958
29 04 2018 13:50,1130.630981,7.932831764,1491.76996,75.49878693
29 04 2018 18:40,2023.641968,9.971493721,2774.24984,77.8732605
29 04 2018 20:20,1689.887939,9.188014984,2265.833122,76.3868866
30 04 2018 12:40,498.4714966,6.088784218,654.3495432,28.97632027
30 04 2018 13:10,406.2554016,5.65294981,514.093855,32.057621
30 04 2018 17:30,439.7243958,6.059154987,644.1254454,26.59487915
30 04 2018 20:30,21.38909912,3.905949116,110.6498757,318.4783936
30 04 2018 22:30,194.1894989,4.699170113,265.3894986,312.907196
01 05 2018 00:50,138.4299927,4.577853203,238.6629445,295.4674988
01 05 2018 19:00,163.3984985,4.258706093,172.5977107,217.5809021
01 05 2018 20:20,184.1764984,4.85763979,301.781175,223.7431946
02 05 2018 10:10,0,2.256134987,0,46.77585983
03 05 2018 09:20,0,4.760613918,279.2948823,71.60749817
03 05 2018 18:50,408.1824036,5.60183382,498.7768818,81.30164337
04 05 2018 21:30,294.1498108,5.204776764,387.9457594,200.8760986
05 05 2018 08:00,0,1.549829006,0,250.4736023
05 05 2018 19:50,2002.35498,9.423903465,2420.046878,159.9597931
05 05 2018 20:40,2167.897949,10.08030033,2841.028267,192.385498
06 05 2018 01:00,599.2105713,6.400547028,767.6345692,155.8574982
06 05 2018 02:50,498.0205994,6.063104153,645.4827582,197.5393066
06 05 2018 04:50,0,2.249875069,0,157.2308044
06 05 2018 17:50,200.9674988,4.770936012,281.6559921,224.4076996
06 05 2018 19:10,2287.592041,10.31274986,2971.722215,206.9963074
06 05 2018 23:30,2733.808105,10.63014984,3125.608302,204.8397064
06 05 2018 23:50,2276.925049,9.537282944,2469.153577,204.135498
07 05 2018 03:30,1857.973999,9.060456276,2183.035498,200.8721924
07 05 2018 15:40,599.5120239,6.434981823,780.7920161,33.7844696
08 05 2018 01:50,2746.498047,10.80708981,3199.992614,346.7677917
08 05 2018 06:50,498.9252014,5.864418983,580.1986427,333.1362915
08 05 2018 12:00,266.1664124,4.847921848,299.4991612,307.760498
08 05 2018 13:10,13.52820015,2.826514959,0,356.4984131
08 05 2018 20:10,116.9264984,4.246960163,170.2742051,292.1341858
08 05 2018 23:30,1147.238037,7.157616138,1088.549296,278.0924988
09 05 2018 13:40,115.6340027,4.143152237,150.044986,252.2601013
09 05 2018 22:00,1065.734985,7.54843998,1282.991585,242.7922974
09 05 2018 23:50,174.8388062,4.61318779,246.349813,265.3847961
10 05 2018 00:10,86.96578979,3.895704985,108.8455531,263.6845093
10 05 2018 02:40,140.3838959,4.317550182,184.3474988,241.1313934
10 05 2018 10:00,0,2.665649891,0,264.9562988
10 05 2018 21:10,0,0.901046813,0,28.24324989
11 05 2018 09:00,1008.984985,7.157104015,1088.308227,357.5242004
11 05 2018 12:30,533.8707275,6.025094986,632.4883284,355.2719116
11 05 2018 16:20,475.6498108,5.822247028,566.6553821,3.266370058
11 05 2018 16:50,588.4370117,6.21780777,699.9655472,353.9549866
11 05 2018 21:50,1971.296021,9.167625427,2252.56437,27.9517498
12 05 2018 17:20,1456.147949,7.944655895,1498.464418,48.64239883
12 05 2018 22:00,2269.763916,9.805749893,2665.285969,71.69844055
12 05 2018 23:10,2667.646973,10.55298996,3090.680076,62.32184982
13 05 2018 14:10,166.6347961,4.278349876,176.4996639,27.10902977
13 05 2018 17:20,498.7821045,5.962594032,612.445237,46.14389038
13 05 2018 21:10,0.289665788,3.188899994,24.89945642,231.6204987
13 05 2018 23:50,16.04413986,3.444864988,46.06806825,269.994812
14 05 2018 02:50,0,1.848914981,0,282.5473022
14 05 2018 23:30,0,0.766550779,0,188.7454987
15 05 2018 07:30,339.5830994,5.244649887,398.4545391,187.8482971
15 05 2018 09:30,15.84982014,2.976769924,0,226.1743011
15 05 2018 21:50,1472.234985,8.737900734,1976.591569,190.0422058
16 05 2018 01:50,2941.759033,11.85904026,3498.309004,199.8968964
16 05 2018 16:40,218.4989929,4.980738163,331.281667,244.9963989
16 05 2018 19:50,867.1876831,7.318353176,1165.992651,207.4981995
16 05 2018 22:10,2674.187012,11.14336014,3320.743954,194.9954987
17 05 2018 12:30,1038.465942,7.215209007,1115.886434,226.5644989
17 05 2018 12:50,1384.884033,7.98585701,1521.908004,222.7498932
17 05 2018 14:00,2088.00293,10.04983997,2822.703775,207.1383057
17 05 2018 19:40,1281.386963,7.944024086,1498.106326,232.3986969
17 05 2018 22:00,389.219696,5.602507114,498.9770082,238.7460938
18 05 2018 17:10,0,2.375026941,0,271.9674988
18 05 2018 19:20,85.8049469,4.088147163,139.5405225,209.7498932
18 05 2018 21:30,21.52466011,3.499752998,51.9723407,182.8704987
18 05 2018 21:40,5.732261181,2.885524988,0,193.6468964
19 05 2018 08:00,19.60478973,3.542474985,56.90152828,70.15854645
19 05 2018 09:20,2.96399498,4.118062019,145.2355301,99.70068359
19 05 2018 12:20,0,1.673712969,0,197.2498016
19 05 2018 14:30,0,2.94498992,0,45.89472961
20 05 2018 06:20,946.5662842,7.224954128,1120.556933,61.12314987
20 05 2018 07:20,515.1049805,6.087824821,654.017017,67.81613922
20 05 2018 08:10,394.9212036,5.291328907,410.9265421,41.19498062
20 05 2018 12:50,528.3389282,6.104351997,659.7590712,8.964449883
21 05 2018 08:30,1216.771973,7.724981785,1376.659637,68.99030304
21 05 2018 16:50,2307.727051,9.718175888,2604.046498,56.11516953
22 05 2018 10:10,448.635498,5.608389854,500.7274015,40.82804108
22 05 2018 10:20,531.4987793,5.939370155,604.7252888,38.47127151
22 05 2018 16:00,767.4503174,6.476749897,796.9263087,35.43740082
22 05 2018 19:00,104.8498993,3.992079973,126.484373,45.9720192
22 05 2018 19:50,297.2789001,5.184986115,382.7786917,59.02383041
22 05 2018 20:40,39.40621948,3.808274984,94.12947553,63.07820892
22 05 2018 21:20,0,3.01473093,16.4887498,76.66040802
22 05 2018 22:20,0,1.338611007,0,120.5094986
23 05 2018 00:00,0,2.498857021,0,108.7951965
23 05 2018 06:50,0,2.061434984,0,95.59098816
23 05 2018 14:30,219.2266998,4.722074986,270.5434213,59.69633102
23 05 2018 15:50,379.498291,5.488592148,465.7242069,64.09275055
23 05 2018 16:20,251.0644989,4.842964172,298.3375654,66.23290253
23 05 2018 18:30,0,3.549860001,57.78320164,95.53443909
23 05 2018 19:50,408.3713074,5.657498837,515.469182,137.0760956
24 05 2018 00:20,72.83392334,3.795192003,92.03256987,186.7324982
24 05 2018 02:50,0,1.927368999,0,27.34984016
24 05 2018 07:40,0,2.135343075,0,104.1204987
24 05 2018 13:50,1247.234985,8.10463047,1590.471464,60.08675003
24 05 2018 18:00,425.0369873,5.349881172,426.8341709,75.86969757
24 05 2018 19:00,215.3643951,4.659658909,256.5805407,118.7874985
25 05 2018 10:40,1234.537964,7.422565937,1218.168525,31.57114983
25 05 2018 14:30,2711.532959,10.50298977,3067.212326,31.56414986
26 05 2018 00:30,2383.082031,10.09644985,2850.628367,47.34291077
26 05 2018 02:00,2712.337891,11.15305042,3323.84451,44.84986115
26 05 2018 12:20,3505.188965,12.3295002,3564.138498,46.03396988
26 05 2018 18:00,3124.35498,11.2609396,3356.996554,48.07678986
26 05 2018 18:20,3573.009033,13.46498013,3600,52.8708992
26 05 2018 19:50,2993.518066,11.07960987,3299.831459,44.46049881
26 05 2018 21:00,2443.10498,9.82400322,2677.726147,38.43156052
27 05 2018 01:00,1476.33606,8.008363724,1534.789903,25.19264984
27 05 2018 05:10,3498.275879,13.02616978,3600,78.13070679
28 05 2018 00:00,2458.495117,10.21444988,2918.392408,49.70590973
28 05 2018 06:20,1616.171997,8.376079559,1752.149858,38.03591919
28 05 2018 11:10,1692.889038,8.536304474,1850.428085,21.18984985
28 05 2018 11:50,2044.687012,9.30429554,2341.710095,27.49854088
28 05 2018 20:00,1315.85498,7.878757954,1461.349602,44.18309021
28 05 2018 20:40,859.4385986,6.952364922,994.6885498,46.31332016
29 05 2018 00:40,458.3786011,5.786079884,555.1855641,40.18144989
29 05 2018 01:10,472.1453857,5.724468231,535.9503214,39.0149498
29 05 2018 06:30,539.7788696,6.044984818,639.2689306,54.39789963
29 05 2018 06:40,782.7349854,6.821005821,937.4067265,55.65756989
29 05 2018 08:50,875.9002075,6.849833012,949.7973003,22.74720001
29 05 2018 10:10,498.3463135,5.810512066,562.9192367,27.9445591
30 05 2018 00:30,199.9611053,4.61014986,245.6858251,54.55744934
30 05 2018 08:10,2204.60498,9.369709969,2384.523651,27.55378914
30 05 2018 15:10,3214.451904,11.53114986,3429.422749,30.21133041
30 05 2018 21:20,1382.613037,8.187274933,1638.995296,54.2649498
31 05 2018 03:20,1225.85498,7.636861801,1329.409945,43.3078804
31 05 2018 03:50,1432.776001,7.944581032,1498.421985,33.86038971
31 05 2018 04:30,1444.484985,8.149418831,1616.688296,36.95201874
31 05 2018 09:40,810.1204834,6.747675896,906.335053,22.50094986
31 05 2018 10:30,478.006012,5.819406986,565.7498869,14.48493958
31 05 2018 14:40,998.3549805,7.281235218,1147.788732,19.42086029
01 06 2018 01:20,399.9450989,5.601733208,498.7469799,45.35515976
01 06 2018 08:30,1891.599976,9.049826622,2176.160557,62.27986145
02 06 2018 00:40,1232.625977,7.945300102,1498.829581,44.10142899
02 06 2018 13:20,632.9235229,6.226561069,703.1248228,37.54983139
02 06 2018 15:50,776.4636841,6.576498985,836.2407399,53.20080185
02 06 2018 17:50,2035.83606,9.330821037,2359.061381,64.4980011
02 06 2018 18:40,2382.985107,10.20034981,2910.512738,73.36820221
03 06 2018 06:20,78.30789185,3.751498938,85.22801826,77.43541718
03 06 2018 20:00,15.33498955,3.293859959,32.3118127,39.42657089
03 06 2018 21:10,83.10851288,4.170658112,155.3526506,5.866734982
04 06 2018 03:50,0,2.99623704,0,7.549863815
05 06 2018 01:20,354.3140869,5.394824982,439.247084,217.0097046
05 06 2018 02:10,269.0678101,5.038435936,345.4984756,229.0908966
05 06 2018 06:30,98.51875305,4.018003941,126.3498819,229.1448975
05 06 2018 06:40,19.1370697,3.223412037,27.14222024,224.0794983
05 06 2018 22:50,446.9552002,5.760435104,547.1330061,217.3144989
05 06 2018 23:40,449.6615906,5.901949883,592.4064296,221.4768982
06 06 2018 00:50,475.1498108,5.868639946,581.5642887,216.8643036
06 06 2018 04:20,360.4364929,5.599411011,498.0570958,217.6920013
06 06 2018 07:00,83.41277313,3.658881903,71.81424982,192.9190063
06 06 2018 10:30,0,2.624982119,0,295.2023926
06 06 2018 11:40,0,2.255954981,0,304.6069031
07 06 2018 04:00,0,1.964112997,0,310.885498
07 06 2018 07:30,0,2.496474981,0,74.30635071
07 06 2018 09:10,0,2.13094306,0,111.8984985
07 06 2018 14:10,209.1894989,4.530760765,228.5392566,28.57349014
07 06 2018 15:20,1023.732971,7.424985886,1219.399175,61.76470184
08 06 2018 03:40,567.4393921,6.32656908,739.8051498,61.07807159
08 06 2018 03:50,512.8873291,6.062418938,645.247133,61.8498497
08 06 2018 06:10,152.7919006,4.071444988,136.3791468,68.63639832
08 06 2018 09:20,96.05901337,3.849863052,100.9769943,66.36653137
08 06 2018 15:30,602.0551147,6.368844986,755.6358511,60.98403168
08 06 2018 18:20,298.760498,5.374010086,433.4761901,63.8418808
08 06 2018 23:00,0.937535822,2.834984064,0,96.66200256
09 06 2018 16:00,483.586792,5.995073795,623.3386823,70.69264984
09 06 2018 19:00,0,2.551235914,0,134.6484985
09 06 2018 23:10,0,0.497334987,0,308.8149109
10 06 2018 07:00,367.7052002,5.61014986,501.2517283,75.22479248
10 06 2018 10:20,397.6541138,5.366807938,431.488297,35.94544983
11 06 2018 00:50,3228.791016,12.25654984,3556.326364,71.76708984
11 06 2018 03:20,3558.239014,13.07464981,3600,61.54977036
11 06 2018 10:30,3228.175049,11.98596001,3519.749886,56.11043167
11 06 2018 12:20,3304.833984,12.63103008,3587.624742,54.01498032
11 06 2018 14:20,3303.504883,11.59294987,3443.948871,39.53223038
11 06 2018 16:20,3602.719971,15.15054989,3600,60.22383881
11 06 2018 22:30,3603.054932,15.40894985,3600,64.31088257
12 06 2018 06:30,2917.756104,11.38117027,3391.051794,64.60498047
12 06 2018 16:30,2825.01001,11.57242012,3439.204988,62.65869904
13 06 2018 01:50,1075.437988,7.602449894,1311.22422,59.42324066
13 06 2018 02:30,1193.02002,8.025336266,1544.538978,56.05049896
13 06 2018 14:10,618.8502808,6.31236887,734.5311719,56.20349884
13 06 2018 15:40,1447.123047,8.364498138,1745.122453,65.08467102
14 06 2018 12:20,0,1.901944995,0,269.0794983
14 06 2018 18:40,140.4989929,4.66742897,258.3047719,193.0231934
15 06 2018 08:10,752.8408203,6.706274986,889.0722155,189.914505
15 06 2018 18:00,0,2.206615925,0,60.13434982
15 06 2018 20:10,1597.734985,8.421365738,1779.730725,159.8365021
16 06 2018 00:20,2254.143066,10.15054989,2882.212648,146.1087036
16 06 2018 04:00,19.58008957,3.280736923,31.28863915,28.18774986
16 06 2018 05:00,0,3.22864604,27.49899421,37.87992859
16 06 2018 09:50,369.9530029,5.187664986,383.4762252,81.1870575
16 06 2018 14:30,156.028595,4.615460873,246.8470155,75.4982605
17 06 2018 01:10,2.120068073,3.02017498,16.67816175,255.7243042
17 06 2018 15:10,0,2.217680931,0,341.885498
17 06 2018 17:30,0,3.302484989,32.99929315,352.4926147
17 06 2018 21:20,0,2.498562098,0,337.8096924
18 06 2018 13:00,26.53430939,3.362449884,38.1079898,356.3803101
18 06 2018 13:20,87.22853088,3.849831104,100.9716278,14.08216953
18 06 2018 17:50,498.9462891,5.888381004,587.9758811,358.0990906
19 06 2018 08:00,274.4932861,4.933084965,319.7293526,25.18494987
19 06 2018 16:10,3244.500977,11.85851002,3498.213494,33.73052979
19 06 2018 20:20,1117.484985,7.133349895,1077.165236,33.52519989
20 06 2018 13:20,1011.674988,7.083543777,1054.044721,30.98236084
20 06 2018 14:20,2322.60498,9.689353943,2583.320751,34.26531982
20 06 2018 17:00,1395.166016,7.887104988,1466.024327,44.67609024
20 06 2018 20:20,1449.234985,8.377493858,1753.008766,70.70152283
21 06 2018 06:30,0.242665797,3.01315999,16.43497452,106.5644989
22 06 2018 07:10,0,1.84987998,0,210.5122986
22 06 2018 21:20,1260.625,7.935426235,1493.237577,224.7734985
23 06 2018 00:20,269.517395,4.543972015,231.3655498,214.4346924
23 06 2018 00:50,293.0498047,4.763738155,280.0087606,204.267807
23 06 2018 02:50,842.4036865,6.975612164,1005.047956,206.5794983
23 06 2018 10:50,337.3859863,5.231427193,394.9549549,17.43074989
23 06 2018 13:40,1413.619019,8.023449898,1543.453981,35.42982101
23 06 2018 17:20,2498.166992,10.64284039,3131.205602,56.51176834
23 06 2018 20:10,1033.10498,7.171625137,1095.157381,48.60763931
23 06 2018 22:00,2041.109985,9.249815941,2306.119634,52.43787003
24 06 2018 02:30,1297.10498,7.812063217,1424.280254,56.4095993
24 06 2018 13:10,2743.614014,10.75734043,3179.864987,57.22365189
24 06 2018 19:40,2077.346924,9.332139969,2359.924498,63.59120941
24 06 2018 20:20,2719.498047,10.93988991,3250.803599,65.47812653
24 06 2018 21:00,3134.207031,11.89947033,3505.444982,70.10965729
25 06 2018 13:10,2132.093994,9.712944984,2600.306179,55.43045044
25 06 2018 21:00,3186.144043,11.85772991,3498.072885,74.97033691
26 06 2018 05:00,1561.61499,8.447704315,1795.844883,75.49873352
26 06 2018 13:30,388.4249878,5.396067142,439.5926823,86.4537735
26 06 2018 21:30,590.7316284,6.374982834,757.9503796,167.2115021
27 06 2018 08:00,0,2.958925009,0,106.899498
28 06 2018 06:50,158.3824005,4.247774124,170.4349862,194.8200073
29 06 2018 07:10,1724.19397,8.498821259,1827.266766,196.0476074
29 06 2018 13:00,1027.60498,7.411478996,1212.541537,267.292511
29 06 2018 17:50,1738.498047,8.783034325,2005.171897,228.2631989
29 06 2018 18:00,2095.010986,9.744175911,2622.498897,224.3688965
29 06 2018 19:00,3165.922119,12.07921982,3533.734983,232.2790985
29 06 2018 23:10,2970.771973,11.86207008,3498.853799,212.6690979
30 06 2018 06:50,1229.203979,7.70432806,1365.498829,197.1822968
30 06 2018 11:50,1213.873047,7.649744987,1336.257252,244.2483978
30 06 2018 12:10,1505.821045,8.196668625,1644.551156,236.2498932
30 06 2018 12:50,2237.929932,9.649868965,2554.460806,205.3410034
30 06 2018 20:40,2141.018066,9.517104149,2453.383415,234.4264984
01 07 2018 01:30,1427.305054,8.118664742,1598.665686,245.9954987
01 07 2018 12:10,0,3.449604988,46.55893124,21.35408974
01 07 2018 18:50,297.9509888,5.357509136,428.9284282,51.44987106
02 07 2018 06:30,868.8206177,7.072412014,1048.921834,70.25498199
02 07 2018 13:20,717.6749878,6.300065994,729.9794909,28.82690048
02 07 2018 18:00,2285.090088,10.24825954,2937.0498,69.09087372
02 07 2018 22:30,1397.234985,8.426888466,1783.105186,76.4806366
03 07 2018 02:00,401.9674988,5.646566868,512.1674521,71.87484741
03 07 2018 02:50,373.9448853,5.737174988,539.8863239,75.66825867
03 07 2018 06:10,78.29563141,3.359273911,37.82298456,92.50514984
03 07 2018 06:50,0,3.360199928,37.90591677,106.510498
03 07 2018 08:20,0,2.94986105,0,103.7496033
03 07 2018 09:00,187.8115997,4.532516003,228.9141412,77.4988327
03 07 2018 10:30,0,2.368114948,0,41.94049835
03 07 2018 14:00,44.84146118,3.478849888,49.66697362,37.81454086
03 07 2018 23:30,1095.234985,7.75094223,1390.761586,57.77069855
04 07 2018 10:50,298.9580078,4.964187145,327.2500639,43.5774498
04 07 2018 16:00,530.4326782,6.141983032,672.9421504,59.49837875
04 07 2018 17:10,665.227417,6.588294983,840.9636283,70.68036652
05 07 2018 18:50,906.3184204,7.404988766,1209.256045,72.11840057
06 07 2018 01:00,54.01972961,4.090634823,140.0124988,28.19116974
06 07 2018 02:30,12.15898037,3.396303892,41.24626654,20.49858093
06 07 2018 07:40,0,2.427788019,0,26.82498932
06 07 2018 08:40,0,1.740594983,0,22.30533981
06 07 2018 15:20,267.8288879,5.037375927,345.2349885,28.65172958
06 07 2018 15:40,298.3424988,5.1192379,365.8417183,24.93304062
06 07 2018 16:40,343.5929871,5.601809025,498.7695125,33.97470856
06 07 2018 20:20,23.48151016,3.492350101,51.14789304,36.87498093
07 07 2018 09:10,735.0626221,6.628880024,857.3334085,61.80049896
07 07 2018 16:20,1016.734985,7.220499992,1118.420595,44.63203812
08 07 2018 01:50,2435.477051,10.57798004,3102.162079,70.49833679
08 07 2018 05:50,1269.119995,7.845743179,1442.936468,60.69964981
08 07 2018 07:20,1087.437012,7.399674892,1206.570716,58.49835968
08 07 2018 23:10,20.06498909,3.336895943,35.86058026,79.26840973
09 07 2018 21:40,0,2.093935966,0,223.6204987
10 07 2018 03:40,0,2.309154987,0,349.7322998
10 07 2018 15:20,41.90766907,3.461775064,47.83569888,14.07464981
11 07 2018 11:30,651.7498169,6.355711937,750.6972565,14.36528015
11 07 2018 12:20,1117.186035,7.56987381,1294.149868,22.55467987
11 07 2018 21:30,2726.740967,11.69888973,3467.158152,71.63014984
11 07 2018 22:40,2653.157959,11.26119041,3357.070733,65.4349823
12 07 2018 02:20,2101.324951,9.575274467,2498.445318,55.68091965
12 07 2018 08:00,1498.366943,8.386514664,1758.490883,25.58031082
12 07 2018 11:00,1559.984985,8.466733932,1807.519952,27.07344055
12 07 2018 14:40,1498.880005,8.285796165,1697.65916,33.81369019
12 07 2018 20:00,1194.219971,7.849863052,1445.22749,64.0811615
12 07 2018 20:20,1221.10498,7.811528206,1423.984953,63.47549057
13 07 2018 01:40,1621.984985,8.599220276,1889.522852,47.28833008
14 07 2018 15:20,1245.109985,7.7199049,1373.911372,29.57394981
14 07 2018 17:40,1224.610962,7.944581032,1498.421985,34.2335701
14 07 2018 20:00,1320.10498,7.913654804,1480.944798,37.43302917
15 07 2018 18:20,790.1342773,6.960823059,998.449811,31.77495003
16 07 2018 00:00,147.9824982,4.496596813,221.2797076,357.3828125
16 07 2018 03:20,0,3.265549898,30.13893661,317.2409058
16 07 2018 06:10,0,3.161633015,23.26227498,330.1531982
16 07 2018 10:20,144.4947052,4.14609623,150.6113047,276.9249878
16 07 2018 10:50,102.0784988,3.902333021,110.0110472,268.1028137
16 07 2018 15:00,156.4418945,4.403288841,201.8049872,19.23484993
17 07 2018 07:00,386.3786926,5.489527225,465.9922592,195.4980011
17 07 2018 09:20,180.510498,4.473116875,216.3310288,207.9956055
17 07 2018 20:10,122.410202,4.250164986,170.9074503,266.8855896
17 07 2018 23:00,25.43144989,3.859875917,102.6669568,276.1850891
18 07 2018 10:00,0,1.909733057,0,8.498473167
18 07 2018 12:20,0,3.023639917,16.80118501,276.894989
18 07 2018 13:00,61.49847031,3.71389389,79.61616343,283.0650024
18 07 2018 13:20,49.99914932,3.429349899,44.48650366,312.8416138
18 07 2018 19:30,233.006897,4.803166866,289.0758358,249.7498932
18 07 2018 21:00,522.9395752,5.90294981,592.7336916,267.7962952
19 07 2018 01:30,807.7949829,6.854914188,951.9916977,291.5859985
20 07 2018 01:10,294.2049866,5.154467106,374.8733995,257.4372864
20 07 2018 05:00,315.0195923,5.349877834,426.8332556,299.5003052
20 07 2018 05:50,237.5888062,4.795767784,287.3661335,312.4249878
20 07 2018 14:30,498.6133118,5.901611805,592.2958053,13.70611954
20 07 2018 15:10,297.3301086,5.166483879,377.977037,6.087944984
20 07 2018 16:40,200.7503967,4.768424988,281.08094,354.8804016
20 07 2018 18:40,110.4685974,4.165949821,154.4414805,344.5586853
20 07 2018 19:00,54.07448959,3.787034988,90.73904547,345.5535889
20 07 2018 23:40,311.3052063,5.354839802,428.1949845,38.05332947
20 07 2018 23:50,264.2298889,4.984700203,332.2498241,31.7011795
21 07 2018 07:40,0,2.217097998,0,15.71164989
21 07 2018 16:30,379.4341125,5.74549818,542.4732002,49.82926178
21 07 2018 23:30,0,3.495774984,51.52822631,337.5087891
22 07 2018 00:10,0,2.637804985,0,345.726593
22 07 2018 05:50,0,1.061874986,0,244.2796936
22 07 2018 14:20,0,1.12103498,0,341.8497009
22 07 2018 15:10,0,1.069774985,0,4.338703156
23 07 2018 01:20,0,1.683498025,0,1.529503942
23 07 2018 03:00,32.41949844,3.796530962,92.24591666,199.5095062
23 07 2018 03:10,5.083727837,3.26154089,29.84159943,204.2324982
23 07 2018 06:30,0,0.96418649,0,169.3574982
23 07 2018 09:40,0,3.126054049,21.30489941,37.21749878
23 07 2018 10:00,0,1.876834989,0,14.73383045
23 07 2018 10:30,0,3.139760017,22.03494955,353.7349854
23 07 2018 13:30,0,2.851264,0,62.3844986
23 07 2018 20:50,22.49846077,3.634058952,68.45234688,40.43703842
24 07 2018 02:10,469.5237122,5.653204918,514.1709298,359.5498962
24 07 2018 08:20,2265.947021,9.464152336,2446.454592,215.3014984
24 07 2018 12:20,83.47062683,3.64833498,70.37377906,232.2926941
24 07 2018 17:40,76.31271362,3.980258942,124.2408935,14.55994987
25 07 2018 04:40,58.21849823,3.654963017,71.27694077,268.9088135
25 07 2018 10:50,0,2.167448044,0,302.4549866
26 07 2018 08:40,0,1.744894981,0,309.0523987
26 07 2018 23:30,106.8700027,4.146774769,150.7418911,192.8294983
26 07 2018 23:50,79.50794983,4.08105278,138.1961157,204.3874054
27 07 2018 02:00,0,3.384584904,40.13916077,191.0498962
27 07 2018 09:00,0,2.036143064,0,145.4989929
27 07 2018 19:20,201.9544067,4.644021988,253.1224985,210.4322968
27 07 2018 21:20,0,2.365304947,0,287.4988098
28 07 2018 01:50,0,1.549852014,0,359.0835876
28 07 2018 05:00,0,1.315734982,0,301.0875854
29 07 2018 15:00,569.2905273,6.139550209,672.0852961,357.8294983
29 07 2018 15:20,533.3833008,6.081160069,651.7097316,12.60204983
29 07 2018 18:30,180.0234985,4.622927189,248.4824773,56.16944885
29 07 2018 22:20,55.25122833,3.835004091,98.49867751,36.40692902
30 07 2018 03:00,62.88574982,3.978663921,123.9398912,61.57278824
30 07 2018 03:10,88.62149811,4.119246006,145.4618042,61.06013107
30 07 2018 04:10,201.3363953,4.788682938,285.7326058,70.74984741
30 07 2018 06:50,270.0035095,5.024988174,342.1621761,70.51838684
30 07 2018 08:50,199.5720978,4.375514984,196.1050425,58.93703842
30 07 2018 15:00,1484.470947,8.451489449,1798.164982,34.42016983
31 07 2018 00:30,824.7734985,6.938950062,988.7414001,59.99890137
31 07 2018 02:10,1773.706055,9.117609024,2220.068248,63.49803925
31 07 2018 19:40,372.3587036,4.856656075,301.5498679,79.69741058
31 07 2018 23:20,614.6087036,6.45451498,788.3134184,75.32021332
01 08 2018 00:10,1198.43396,7.944087982,1498.142538,67.56918335
01 08 2018 04:40,308.651886,5.394981861,439.290724,38.54970932
01 08 2018 05:10,230.186203,4.719717979,270.0114428,40.1344986
01 08 2018 06:40,657.6749878,6.288653851,725.771963,51.29124832
01 08 2018 16:50,1006.294983,7.337997913,1175.70689,44.25415039
02 08 2018 00:40,1820.743042,9.049850464,2176.175973,59.46899033
02 08 2018 11:30,1162.301025,7.944093227,1498.145511,29.9200592
02 08 2018 16:30,3558.498047,12.92881966,3597.477346,35.83546066
02 08 2018 17:10,3036.708008,11.2498703,3353.709586,39.97758865
02 08 2018 18:00,3558.900879,12.86740971,3596.498957,42.11555862
02 08 2018 18:20,1664.35498,10.31754971,2974.255273,47.48976135
03 08 2018 07:00,1281.784058,7.644124985,1333.267679,23.83523941
03 08 2018 12:10,1630.555054,8.653349876,1923.366594,25.79417038
04 08 2018 02:50,3513.699951,13.44989967,3600,61.92538071
04 08 2018 07:20,3342.228027,12.05076981,3529.624985,57.04346085
04 08 2018 11:10,2715.262939,10.41082954,3022.197711,44.76498032
04 08 2018 15:10,3437.076904,12.78604984,3594.366174,41.89310074
05 08 2018 00:10,3414.922119,12.63068008,3587.605498,65.05827332
05 08 2018 09:50,3111.239014,11.48089027,3417.061674,55.44964981
05 08 2018 19:20,3034.85498,12.00337029,3522.473107,70.94069672
05 08 2018 23:40,2880.35498,11.20685005,3340.687949,47.32933044
06 08 2018 00:10,2359.135986,10.09733963,2851.154988,48.05997849
06 08 2018 02:10,2347.933105,10.67800045,3146.498737,50.96641159
06 08 2018 22:30,2287.271973,10.06783009,2833.560795,69.0760498
07 08 2018 07:00,1350.60498,7.831318855,1434.9305,38.17541122
07 08 2018 09:30,698.1790161,6.322144985,738.1596952,28.78160095
07 08 2018 12:20,2254.85791,9.992609978,2787.498524,31.99099922
07 08 2018 14:10,2585.646973,10.55082035,3089.67549,36.49882889
07 08 2018 23:10,2395.978027,10.24604988,2935.840585,62.50875092
08 08 2018 07:50,1625.819946,8.562749863,1866.8281,58.5134201
08 08 2018 17:30,3375.060059,11.85593987,3497.749833,32.35243988
08 08 2018 20:00,2951.85498,11.54129982,3431.85917,52.44121933
09 08 2018 01:20,2946.187988,11.33561039,3378.498796,56.55585861
09 08 2018 16:50,2872.165039,10.65563011,3136.804985,45.89416885
10 08 2018 01:50,3498.802979,12.91740036,3597.336284,64.75984955
10 08 2018 14:10,3541.504883,12.88389969,3596.814787,36.99954987
10 08 2018 14:30,3470.568115,12.59084988,3585.295728,34.63021088
10 08 2018 15:00,3515.012939,12.70339012,3591.212317,38.49874878
10 08 2018 19:20,3599.550049,15.24077034,3600,61.25794983
11 08 2018 03:00,3601.844971,15.06764984,3600,60.42953873
11 08 2018 03:20,3601.570068,14.6498003,3600,57.3074913
11 08 2018 14:20,3498.871094,12.84694958,3596.052684,38.71509933
11 08 2018 15:10,3498.920898,12.83467007,3595.75585,33.72188187
11 08 2018 15:30,3470.141113,12.41594982,3572.305913,38.10012817
11 08 2018 18:30,3543.179932,13.3175602,3600,47.7649498
11 08 2018 20:10,3485.438965,12.65124989,3588.705504,56.3780098
11 08 2018 20:40,3579.958008,12.94544983,3597.64949,53.78588867
11 08 2018 21:00,3593.535889,13.95077991,3600,51.58498001
12 08 2018 10:20,2515.35498,10.2568903,2941.759341,26.45656967
12 08 2018 15:20,2865.388916,10.94725037,3253.498101,36.14818954
12 08 2018 17:20,2906.891113,11.09533978,3305.074981,44.61117935
13 08 2018 00:10,3535.670898,12.71251011,3591.609498,63.46442032
13 08 2018 00:50,3422.851074,12.16944981,3545.875677,63.38965988
13 08 2018 07:20,2927.012939,10.94981003,3254.432186,60.91279984
14 08 2018 11:20,548.5479736,5.918704987,597.9040023,38.00271988
14 08 2018 15:00,694.065918,6.55464983,827.5341479,50.39702988
14 08 2018 16:50,2644.321045,11.24884987,3353.405271,64.06783295
15 08 2018 00:10,732.5498047,6.623768806,855.2615261,76.98827362
15 08 2018 03:00,865.5501709,7.226566792,1121.33109,77.80049896
15 08 2018 14:10,975.7498169,7.142386913,1081.395574,34.57756042
16 08 2018 00:00,838.2064209,7.159475803,1089.424982,51.13167191
16 08 2018 04:50,1062.938965,7.477694988,1246.423647,70.79123688
16 08 2018 05:10,1039.438965,7.498637199,1257.278763,70.72022247
17 08 2018 11:20,127.9394989,4.053091049,132.9200114,20.21912956
17 08 2018 11:40,53.93835831,3.498838902,51.87006482,24.14938927
17 08 2018 16:30,354.3558044,5.347054005,426.0592616,38.0760498
17 08 2018 19:10,968.3701782,7.145275116,1082.749879,52.81175995
18 08 2018 12:50,1201.107056,7.678853035,1351.804984,16.05405045
18 08 2018 19:10,1911.08606,9.217992783,2285.362498,70.29135895
18 08 2018 23:10,3604.099121,14.97774982,3600,70.73449707
19 08 2018 07:30,3526.498047,13.12127018,3600,61.41601944
19 08 2018 09:20,3475.543945,12.69124985,3590.664566,52.79375076
19 08 2018 17:10,3095.24707,11.49602032,3420.834985,47.59543991
19 08 2018 22:30,3583.571045,13.35344982,3600,59.52125931
20 08 2018 02:10,2742.60498,10.66413021,3140.503301,57.96669006
20 08 2018 05:10,3207.458008,11.84611034,3495.965727,58.98149872
20 08 2018 16:40,2498.501953,10.12473965,2867.254363,49.0501709
20 08 2018 17:40,2946.985107,10.95672989,3256.949807,50.07632828
20 08 2018 19:00,3178.049072,12.05163002,3529.751256,62.94824982
20 08 2018 19:20,2851.749023,11.44989014,3409.189041,65.00393677
21 08 2018 03:20,2863.10498,11.28658009,3364.511243,65.69080353
21 08 2018 12:40,974.2437744,7.310836792,1162.290498,10.12660027
21 08 2018 16:10,1868.734985,8.951818466,2112.977731,38.34580994
21 08 2018 21:00,1498.651978,8.668206215,1932.687599,77.46826935
22 08 2018 01:10,1874.119995,9.249835968,2306.132705,51.58073044
22 08 2018 01:40,1660.427002,8.726649284,1969.484498,53.73836136
22 08 2018 16:00,3312.335938,12.1856699,3547.915501,54.14849854
22 08 2018 19:10,3604.35498,15.43315983,3600,73.28608704
23 08 2018 07:30,2609.60498,10.55661011,3092.353544,65.50492096
23 08 2018 11:10,2913.547119,11.35498047,3383.887752,62.24855042
23 08 2018 14:30,2575.613037,10.49981976,3065.702055,53.4754982
23 08 2018 19:30,3578.613037,13.71232033,3600,75.34985352
23 08 2018 22:40,2874.528076,11.5774498,3440.374693,71.93364716
24 08 2018 02:50,2974.812012,11.69894981,3467.170718,70.82407379
24 08 2018 04:30,2519.425049,10.67416,3144.843577,64.7010498
24 08 2018 05:30,2710.875,11.05924988,3292.962558,65.03382111
24 08 2018 09:40,676.2338867,6.221449852,701.2790633,50.62614059
24 08 2018 11:30,699.7518921,6.27670002,721.3797826,30.93498993
24 08 2018 13:30,143.2138062,4.211143017,163.233075,26.9517498
24 08 2018 14:40,498.2341003,5.844882965,573.9019966,41.29339981
24 08 2018 19:30,1911.276978,9.458228111,2442.566498,72.94833374
24 08 2018 20:00,1630.467041,8.653199196,1923.272125,75.97498322
24 08 2018 23:00,518.1484985,5.630966187,507.475655,79.56981659
25 08 2018 08:50,320.5542908,5.235064983,395.9162935,71.40711212
25 08 2018 21:00,0,0.551498175,0,287.0004883
26 08 2018 12:10,238.3117065,4.64517498,253.3769371,26.34485054
26 08 2018 13:20,249.8011017,4.847381115,299.3723811,25.2635498
27 08 2018 04:10,589.2053223,6.498867035,805.5477986,68.40576935
27 08 2018 07:20,0,3.761224985,86.71627776,65.64248657
27 08 2018 09:40,158.2619934,4.151549816,151.6614944,40.05443954
27 08 2018 18:10,993.6049805,7.345098972,1179.232043,52.78810883
27 08 2018 19:10,434.5870972,5.102275848,361.5285881,88.21849823
27 08 2018 19:20,587.0991821,5.81349802,563.8685631,81.4553833
28 08 2018 05:40,2498.665039,10.85286999,3217.9833,60.10078049
28 08 2018 09:50,1498.786987,7.915623188,1482.05408,32.4167099
28 08 2018 11:40,1798.10498,8.732130051,1972.945566,38.00246048
28 08 2018 12:20,2810.262939,10.85039997,3217.025498,35.56922913
28 08 2018 18:40,1101.02002,7.682538986,1353.781353,57.44498062
29 08 2018 04:10,1604.901001,8.54983902,1858.815473,38.56129837
29 08 2018 04:20,1457.531006,8.31406498,1714.64794,39.18603897
29 08 2018 08:20,921.4838257,7.118564129,1070.267297,26.06484985
29 08 2018 22:10,1467.917969,8.3241539,1720.727413,32.84949875
30 08 2018 05:10,588.5214233,6.487602234,801.149892,16.33971977
30 08 2018 09:00,167.385498,4.472365856,216.1732829,21.39146042
30 08 2018 12:50,574.6967163,6.132534981,669.6180353,7.542034149
30 08 2018 13:10,762.1068726,6.349864006,748.5042114,8.164404869
30 08 2018 16:10,938.7595825,7.233749866,1124.783686,37.25704956
30 08 2018 19:10,1187.10498,7.877810001,1460.819197,70.49977112
01 09 2018 00:50,2988.789063,11.41874981,3401.08795,70.6053772
01 09 2018 13:00,1772.849976,8.765991211,1994.366324,32.49848175
01 09 2018 14:30,1228.401978,7.547358036,1282.429947,42.2804985
02 09 2018 08:00,2110.85498,9.480966568,2457.491769,68.31890869
02 09 2018 10:00,2490.826904,10.38724995,3010.307655,58.74980927
02 09 2018 15:20,1427.416992,8.180548668,1635.022059,49.9394989
02 09 2018 17:00,2385.4021,10.73534966,3170.773989,68.84985352
03 09 2018 01:30,3553.01709,13.41244984,3600,71.81336975
03 09 2018 04:50,2649.687012,10.85064983,3217.122454,68.98108673
03 09 2018 06:10,2600.60498,10.75763988,3179.987957,66.19592285
04 09 2018 02:50,0,3.041498899,17.46573748,52.52672958
04 09 2018 08:40,0,2.344985008,0,38.90378189
04 09 2018 17:00,726.0750732,6.851181984,950.3795736,56.57184982
05 09 2018 01:00,0,3.089713097,19.51469427,39.20349884
05 09 2018 03:10,0,2.126854897,0,11.49868011
05 09 2018 09:10,63.91220093,3.633121014,68.32724987,33.42853165
05 09 2018 23:20,216.9517975,4.56529808,235.9504984,22.53244972
06 09 2018 01:40,165.0590973,4.328155994,186.4849891,17.52069092
06 09 2018 08:20,778.0579224,6.552651882,826.7406685,14.34224987
06 09 2018 12:10,0,2.81983304,0,247.9954987
06 09 2018 16:20,0,2.534224987,0,290.6658936
06 09 2018 18:50,13.50599957,3.599354982,63.91747103,319.2258911
07 09 2018 08:40,69.5135498,3.599188089,63.89612818,276.707489
07 09 2018 14:50,7.997872829,2.729684114,0,247.3498993
07 09 2018 23:40,74.31549835,3.988641977,125.82958,240.3748932
08 09 2018 00:50,0,2.039921045,0,228.7454987
08 09 2018 13:00,526.9020996,6.097091198,657.2328498,65.73724365
08 09 2018 14:00,578.7949829,6.308310986,733.0280738,62.37710953
08 09 2018 15:30,1180.194946,7.852941036,1446.940386,70.37734985
09 09 2018 02:50,594.397583,5.611424923,501.6317695,74.49868774
09 09 2018 05:00,358.9006042,5.498747826,468.6397619,74.75478363
09 09 2018 10:20,554.6456299,5.973453999,616.0749876,64.62267303
09 09 2018 21:20,167.9665985,4.498672009,221.718662,42.0290184
10 09 2018 01:00,448.9881897,5.935204983,603.3467874,64.86795044
10 09 2018 13:10,512.614624,5.981204987,618.6733436,13.05253983
10 09 2018 14:30,1074.767944,7.497148991,1256.505134,14.02904987
10 09 2018 15:10,840.9315796,6.851933956,950.704252,20.0156498
10 09 2018 22:00,115.4981995,4.249752045,170.8258267,30.45428085
11 09 2018 00:00,0.4983311,2.440850019,0,46.971241
11 09 2018 12:10,543.1851807,6.182849884,687.4303249,57.05056
11 09 2018 23:10,403.428894,5.600811005,498.472948,44.97986984
12 09 2018 05:50,11.66551971,3.55644989,58.5773149,23.6692791
12 09 2018 20:10,2959.718994,11.65964985,3458.807658,72.62613678
13 09 2018 02:30,3603.159912,14.14988995,3600,66.2400589
13 09 2018 03:20,3583.039063,12.77713966,3594.074263,60.41849899
13 09 2018 12:10,468.2254944,5.854334831,576.9434984,26.49972916
13 09 2018 14:30,473.260498,5.851679802,576.0882093,40.96609116
13 09 2018 17:40,0,2.152134895,0,98.74394989
14 09 2018 03:00,2304.346924,9.498422623,2468.953004,189.578598
14 09 2018 07:50,239.5007019,4.704985142,266.6946497,12.9972496
15 09 2018 02:20,127.7677994,4.203632832,161.764989,283.6839905
15 09 2018 17:30,305.4399109,5.184249878,382.587091,53.63241959
15 09 2018 18:10,126.8275986,4.231204987,167.1688507,40.82941818
15 09 2018 19:40,0,2.164980888,0,52.35251999
16 09 2018 10:30,164.5447998,4.310649872,182.9600873,29.44190979
16 09 2018 12:50,571.9453125,6.071606159,648.4105201,24.01284981
16 09 2018 13:40,616.4108887,6.195673943,692.0135766,20.8649807
16 09 2018 23:00,2937.35498,10.88251972,3229.367002,61.40991974
17 09 2018 07:50,3359.292969,11.93424988,3511.353684,57.65916824
17 09 2018 08:30,1376.088013,7.616384983,1318.570202,45.38348007
17 09 2018 12:40,3333.221924,11.85853958,3498.21882,26.80302048
17 09 2018 17:40,1825.185059,8.967666626,2123.16808,61.18984985
17 09 2018 18:10,2606.840088,10.49853039,3065.087,60.22549057
17 09 2018 18:50,1355.484985,8.109966278,1593.584646,61.20309067
18 09 2018 01:00,3473.176025,12.64980984,3588.630547,58.34115982
18 09 2018 08:40,1518.577026,8.201793671,1647.585748,37.26649857
18 09 2018 10:40,2076.85498,9.092556,2203.821103,37.68938828
18 09 2018 13:30,2395.333984,9.608482361,2523.625482,32.05498886
18 09 2018 18:00,3175.364014,11.72144985,3471.829527,68.59889984
19 09 2018 15:00,2674.197021,10.36964989,3001.332364,50.78456879
19 09 2018 20:10,3289.523926,11.92498016,3509.799519,71.61646271
20 09 2018 02:00,2977.462891,11.00724983,3274.995683,65.64424133
20 09 2018 04:30,2738.565918,10.66664982,3141.596032,58.35375977
20 09 2018 06:30,2105.230957,9.486537933,2461.149507,60.69824982
20 09 2018 18:10,3543.35498,12.67315006,3589.80748,62.23603058
20 09 2018 20:40,3195.915039,11.86036968,3498.548249,63.19306946
20 09 2018 21:30,2291.498047,9.926101685,2745.291445,60.83721924
20 09 2018 23:40,1803.296997,8.776220322,2000.849828,60.67667007
21 09 2018 12:00,656.6591797,6.257172108,714.2377761,36.06204987
21 09 2018 12:50,461.7293091,5.599636078,498.1239368,33.90795135
21 09 2018 14:50,1205.735962,7.559182167,1288.576291,48.91849899
21 09 2018 19:20,1500.645996,8.311349869,1713.0133,79.0562973
22 09 2018 06:40,172.3506927,4.397191048,200.5498186,81.88072968
22 09 2018 10:50,149.5950928,4.298373222,180.4980247,66.72350311
22 09 2018 15:50,825.4887085,7.287387848,1150.792655,75.44986725
22 09 2018 17:10,285.9258118,5.498425961,468.5472135,74.58728027
22 09 2018 17:50,172.3414001,4.673478127,259.6498531,68.14811707
23 09 2018 06:40,31.35000038,3.334988117,35.69698285,52.30588913
23 09 2018 16:20,804.1951294,7.049049854,1038.222894,57.29339981
23 09 2018 16:40,876.8563843,7.396700859,1205.069639,64.53749847
23 09 2018 16:50,996.3596191,7.501642227,1258.842088,63.18249893
24 09 2018 05:10,0,2.096899986,0,117.4981995
24 09 2018 15:10,1233.536987,7.978870869,1517.920203,260.5498962
25 09 2018 00:40,3525.728027,13.72214985,3600,27.2132206
25 09 2018 02:00,3237.89502,11.39278984,3394.185498,38.34481049
25 09 2018 10:20,2265.343994,9.335028648,2361.81498,32.83309937
25 09 2018 12:10,3498.284912,12.75691986,3593.368876,23.9818306
25 09 2018 14:00,3373.016113,12.62975025,3587.554283,33.74988937
25 09 2018 14:20,3551.565918,13.62314987,3600,34.24599075
25 09 2018 15:00,3194.552002,11.71444988,3470.39016,42.00289154
25 09 2018 15:20,3145.85498,11.37483978,3389.33296,38.21585846
26 09 2018 00:10,3517.832031,12.49827003,3579.002453,45.9538002
26 09 2018 00:50,3600.061035,13.69618034,3600,49.84983063
26 09 2018 01:00,3568.925049,13.05687046,3600,53.26498032
26 09 2018 11:10,3498.843018,12.09274006,3535.640485,44.19501114
27 09 2018 03:00,3600.808105,13.96374989,3600,45.26968002
27 09 2018 04:00,3600.581055,14.41709042,3600,46.19049835
27 09 2018 06:20,3601.753906,14.77336025,3600,59.49853897
27 09 2018 18:50,2823.88208,10.93914986,3250.531985,63.91576004
27 09 2018 19:10,3126.822021,11.44985008,3409.178746,62.12152863
28 09 2018 00:50,2302.370117,9.015981674,2154.29874,50.54986954
28 09 2018 01:30,3158.555908,11.0458498,3288.391029,52.85876083
28 09 2018 07:40,3476.498047,12.16528034,3545.344354,62.40248871
28 09 2018 09:30,3529.227051,12.09714985,3536.255368,60.50672913
28 09 2018 16:50,675.4498291,5.910021782,595.051243,76.15651703
03 10 2018 14:50,0,0.363275498,0,217.1029968
03 10 2018 16:30,0,3.496526003,51.61187782,261.4986877
03 10 2018 16:50,498.5986938,6.223996162,702.1982348,237.6963959
03 10 2018 18:40,487.6163025,5.897168159,590.8428888,261.4544983
03 10 2018 20:40,296.1882019,5.150094986,373.7470912,295.721405
03 10 2018 23:50,28.03038979,3.228636026,27.49830745,323.2445984
04 10 2018 02:00,23.51490974,3.837388039,98.89391542,359.260498
04 10 2018 03:20,0,2.649816036,0,353.5515137
04 10 2018 05:50,1610.597046,8.498138428,1826.845766,45.48614883
04 10 2018 07:10,865.2869873,6.978002071,1006.116793,44.94964981
04 10 2018 08:00,830.9254761,6.759294987,911.2159121,36.84038925
04 10 2018 20:30,2971.85498,11.28835964,3365.027676,47.75347137
05 10 2018 09:30,3129.628906,11.00576973,3274.475305,62.49813843
05 10 2018 13:50,3136.320068,10.87734985,3227.397143,47.38946915
05 10 2018 21:00,3582.343018,12.84154987,3595.924839,69.15107727
05 10 2018 22:10,3480.559082,12.28744984,3559.739166,69.3196106
06 10 2018 02:10,3286.498047,11.82913971,3492.844915,75.12473297
06 10 2018 06:00,1274.328979,6.498274803,805.3162341,94.25263977
06 10 2018 16:50,2176.629883,9.814808846,2671.473748,72.81498718
06 10 2018 17:20,3290.60791,12.29234982,3560.266304,72.54979706
07 10 2018 02:10,264.8103943,4.720223904,270.125599,101.7874985
07 10 2018 11:40,66.49854279,3.645730019,70.02074115,45.52479172
07 10 2018 12:00,174.473999,4.223628044,165.6799819,34.88014984
07 10 2018 12:40,280.635498,5.084270954,356.9752338,29.7920208
07 10 2018 14:10,420.9992065,5.644567966,511.5649844,30.11679077
08 10 2018 02:30,20.62375069,3.58021307,61.49859476,50.25481033
08 10 2018 10:20,91.16163635,3.858573914,102.4462984,41.94964981
08 10 2018 11:40,439.4981995,5.613902092,502.370551,38.17300034
08 10 2018 19:30,374.7384033,5.649860859,513.1611021,75.12526703
09 10 2018 08:40,2849.240967,10.43426037,3033.86116,41.32324982
09 10 2018 09:30,2384.60498,9.660052299,2561.955818,44.45335007
09 10 2018 16:50,2030.35498,8.962496758,2119.842686,46.14094162
09 10 2018 22:40,3382.843994,12.2958498,3560.640484,52.53759003
10 10 2018 07:10,2637.996094,10.07044983,2835.133511,53.26646042
10 10 2018 07:50,1719.984985,8.169429779,1628.46326,37.38014984
10 10 2018 10:40,2631.60498,10.12629986,2868.164266,37.03934097
10 10 2018 21:10,2631.298096,10.49870014,3065.168002,53.25664902
11 10 2018 01:30,2460.976074,10.20094013,2910.843805,54.96749878
11 10 2018 06:20,1229.900024,7.636741161,1329.345926,53.04981995
11 10 2018 07:40,867.2888184,6.765349865,913.7656992,54.27806854
11 10 2018 13:50,326.5498962,5.256244183,401.5352012,24.1770401
11 10 2018 14:40,112.7797012,4.102931976,142.3498748,34.7640686
11 10 2018 21:30,0,2.986498117,0,81.94642639
12 10 2018 11:00,1586.761963,8.295777321,1703.649812,49.66379929
12 10 2018 16:20,2498.856934,10.0051899,2795.324712,40.93869019
12 10 2018 16:40,2351.068115,9.182498932,2262.242314,38.30271912
14 10 2018 03:50,511.4837036,5.735025883,539.2194962,48.81549835
14 10 2018 04:10,1401.895996,8.066494942,1568.302494,40.49829102
14 10 2018 05:10,498.1687927,5.778781891,552.887218,45.98817825
14 10 2018 16:00,2498.466064,9.723549843,2607.879348,30.79847908
14 10 2018 16:50,2244.60498,9.093678474,2204.548589,30.73804092
14 10 2018 17:20,1580.760986,8.215149879,1655.505315,35.76198959
14 10 2018 22:50,409.4006042,5.599799156,498.1723713,63.37541962
15 10 2018 09:00,723.5449829,6.439176083,782.4035136,52.70055008
15 10 2018 10:30,927.6015015,6.979791164,1006.9174,56.4510498
15 10 2018 10:50,986.0637817,6.885690212,965.3498859,49.72766113
15 10 2018 13:10,1009.559998,6.947920799,992.7158709,46.05149841
15 10 2018 15:20,1491.706055,8.027050018,1545.525007,44.94124985
15 10 2018 17:10,842.1834106,6.740684986,903.406007,52.67591095
16 10 2018 00:10,62.69498825,3.799530983,92.72497487,73.4213028
16 10 2018 02:50,350.2369995,5.333851814,422.4498273,55.58806992
16 10 2018 09:40,651.1038208,6.243927002,709.4169498,46.39871979
17 10 2018 08:50,1410.93103,7.993844986,1526.473941,60.34558868
17 10 2018 15:10,1768.984985,8.431821823,1786.121512,49.00894165
18 10 2018 00:30,410.7309875,5.647634983,512.4895398,58.33687973
18 10 2018 07:20,416.1366882,5.498114109,468.4575535,69.81259155
18 10 2018 07:30,491.5986938,5.792082787,557.0800874,65.04987335
18 10 2018 12:00,473.610199,5.799008846,559.2704982,69.52481842
19 10 2018 02:00,0,1.323240995,0,262.6749878
19 10 2018 05:30,0,1.242964983,0,281.7983093
19 10 2018 20:10,25.62170029,4.028604984,128.3290992,53.56388092
20 10 2018 04:50,0,3.080471039,19.09312029,68.4988327
20 10 2018 12:00,45.25106049,3.413218021,42.88290734,14.68074989
20 10 2018 16:10,272.1296997,4.913784981,315.0984752,9.15066433
20 10 2018 17:20,446.8984985,5.723889828,535.7715386,31.92486954
21 10 2018 03:10,1148.370972,7.520134926,1268.349852,12.5509901
21 10 2018 07:30,229.2839966,4.674049854,259.7771056,19.61758995
21 10 2018 08:40,550.5432739,6.029714108,634.0592537,14.87244987
21 10 2018 11:00,174.4564056,4.336843014,188.2403322,24.30574989
21 10 2018 11:20,682.5709229,6.349884033,748.5117155,22.61809921
22 10 2018 01:40,1096.85498,7.643860817,1333.127253,63.99728012
22 10 2018 04:20,1325.369019,7.944108963,1498.154429,60.77830887
22 10 2018 10:00,1198.709961,7.668996811,1346.528498,59.81386948
22 10 2018 12:20,1135.38501,7.524987221,1270.852239,37.32875824
22 10 2018 20:00,1746.378052,8.810312271,2022.49894,69.49603271
23 10 2018 02:50,2679.433105,10.85498047,3218.800528,68.13194275
23 10 2018 15:30,446.6282959,5.827498913,568.3320236,65.96478271
24 10 2018 01:10,572.3306274,6.120748043,665.4844052,198.3144989
24 10 2018 06:00,1064.199951,7.349854946,1181.597122,207.3894958
24 10 2018 09:20,2035.484985,9.384430885,2394.168726,201.238205
25 10 2018 01:00,3366.900879,11.4826498,3417.502806,344.3971863
25 10 2018 10:20,3353.087891,11.60498047,3446.691345,351.7572021
25 10 2018 15:20,1498.375,8.000279427,1530.156721,1.956760049
25 10 2018 17:40,392.1017151,5.498057842,468.4413772,350.8833008
26 10 2018 09:30,1029.935059,6.983926773,1008.7696,207.2324982
26 10 2018 12:10,659.2728271,6.284498215,724.2433165,205.2931061
26 10 2018 15:30,1138.265991,7.768578053,1400.387701,203.9824982
26 10 2018 21:10,2894.25708,10.95975971,3258.048641,191.5514984
27 10 2018 01:50,2620.593994,10.54988956,3089.244131,186.7765961
27 10 2018 05:20,1806.485962,8.911450386,2087.070582,189.135498
27 10 2018 15:50,3604.291016,14.34854984,3600,202.5464935
28 10 2018 02:30,3602.87793,14.72412968,3600,206.0498047
28 10 2018 05:00,3601.104004,13.52015972,3600,200.5498962
28 10 2018 05:40,3603.35498,15.02729988,3600,202.4488983
28 10 2018 09:10,2525.965088,10.13879967,2875.427617,185.6074982
28 10 2018 10:30,980.4221802,7.131923199,1076.498377,182.8218994
28 10 2018 12:40,506.8051147,5.767146111,549.2338909,193.0924988
28 10 2018 13:00,139.4942932,4.146900177,150.7660286,190.9264984
29 10 2018 09:40,0,2.055901051,0,224.5234985
29 10 2018 19:00,572.2949829,6.345716,746.950909,197.2754974
29 10 2018 20:40,314.213501,5.602127075,498.864042,205.6360931
29 10 2018 22:30,233.4264984,5.169117928,378.6589144,161.240799
30 10 2018 06:30,668.680481,6.740904808,903.4980205,198.5010986
30 10 2018 06:40,375.510498,5.692668915,526.1703142,200.3692932
30 10 2018 09:10,103.2102966,3.908344984,111.0742883,209.5962982
30 10 2018 09:40,419.4552917,5.612108231,501.835498,211.5278015
30 10 2018 17:30,3498.712891,13.04724026,3600,213.5596008
30 10 2018 19:20,3025.011963,11.86153984,3498.758573,211.029007
30 10 2018 22:30,2969.498047,11.61876965,3449.800784,202.2946014
31 10 2018 02:10,1115.592041,7.725584984,1376.986375,199.7357025
31 10 2018 12:20,0,1.723564982,0,215.3096008
31 10 2018 16:40,0,1.654986024,0,355.0109863
01 11 2018 02:30,428.7329102,5.980854988,618.555875,60.38581085
01 11 2018 03:50,555.4135132,6.460169792,790.4986882,55.46805954
01 11 2018 04:00,480.6348877,6.154911995,677.5064241,56.91849899
01 11 2018 04:10,520.861084,6.297595978,729.0676321,57.49394989
01 11 2018 15:00,2498.540039,10.74899006,3176.427028,65.42053223
01 11 2018 19:00,2419.090088,10.39914989,3016.327425,67.09739685
02 11 2018 02:10,1001.057983,7.498466015,1257.189757,73.36234283
02 11 2018 03:20,1274.442017,8.299284935,1705.757085,65.1149826
02 11 2018 05:50,1817.338989,9.575742722,2498.803109,77.42196655
02 11 2018 06:10,1498.385986,8.726041794,1969.100978,78.23510742
02 11 2018 19:10,3603.374023,13.46164989,3600,65.47724152
02 11 2018 20:40,1945.953003,9.110179901,2215.248213,73.6385498
03 11 2018 00:30,1740.223022,8.682127953,1941.434498,67.31124878
03 11 2018 03:00,2354.138916,9.694981575,2587.390029,55.75561905
03 11 2018 04:20,2794.820068,10.7024498,3156.94869,54.37913895
03 11 2018 05:50,3416.910889,12.33498001,3564.691118,56.67156982
03 11 2018 09:20,2361.112061,9.91149807,2735.834783,62.35599899
03 11 2018 14:00,2356.812988,9.688364983,2582.604516,49.59727097
03 11 2018 15:30,1993.498047,9.35082531,2372.155727,60.03752136
03 11 2018 17:00,3591.299072,13.68144989,3600,62.61473083
03 11 2018 17:30,3591.701904,13.06974983,3600,64.90492249
03 11 2018 19:20,3518.361084,13.03744984,3600,67.28466797
04 11 2018 04:30,1203.348022,7.945312977,1498.836879,76.82813263
04 11 2018 08:50,675.8695068,5.763073921,547.9585498,93.01558685
04 11 2018 12:20,424.760498,5.375867844,433.9896969,53.92417908
04 11 2018 14:40,1501.35498,8.316405296,1716.057431,71.27967072
04 11 2018 23:30,3343.229004,12.4068203,3571.498649,80.45332336
05 11 2018 03:30,3475.395996,12.25024986,3555.611725,68.35310364
05 11 2018 10:10,2799.680908,10.79304981,3194.373572,60.11259842
05 11 2018 12:10,2033.234985,9.047766685,2174.828731,55.36045837
06 11 2018 02:50,2602.019043,10.66699028,3141.743563,70.49815369
06 11 2018 22:10,1624.894043,8.257866859,1680.941674,59.82324982
08 11 2018 04:20,1286.677002,7.972895145,1514.513244,73.97498322
08 11 2018 07:50,967.9609985,7.060057163,1043.254981,69.58138275
08 11 2018 17:50,1487.234985,7.892809868,1469.223784,54.98637009
08 11 2018 20:30,1546.35498,8.476008415,1813.219799,71.32958984
08 11 2018 21:20,1540.10498,8.39637661,1764.491555,69.2258606
08 11 2018 22:20,1789.770996,8.814962387,2025.456616,69.44982147
09 11 2018 03:20,375.0234985,5.46708107,459.579843,51.44301987
09 11 2018 05:30,869.2022705,6.98332119,1008.498245,52.01192093
09 11 2018 16:10,1835.85498,8.861890793,2055.366775,62.63302994
09 11 2018 18:00,561.4509888,5.932859898,602.5714692,72.54498291
09 11 2018 20:10,1381.60498,8.04783535,1557.507922,72.58322906
09 11 2018 22:00,730.6500854,6.438095093,781.9879963,73.02498627
09 11 2018 23:10,1633.406006,8.436349869,1788.891661,73.49915314
10 11 2018 11:00,810.9249878,6.754786968,909.3203327,64.16223907
10 11 2018 13:00,498.9715881,5.760560036,547.1720746,63.04008102
14 11 2018 14:10,0,6.27794981,721.8382705,33.94197083
14 11 2018 17:20,1718.452026,8.610402107,1896.498699,40.42295074
14 11 2018 23:00,416.4769897,5.604102135,499.451276,53.7649498
15 11 2018 04:50,0,2.594985008,0,83.52374268
15 11 2018 13:40,204.2498016,4.526844025,227.7033942,27.84544945
15 11 2018 18:20,2498.198975,9.610630989,2525.241197,21.2798996
16 11 2018 19:50,461.3158875,5.611549854,501.6690145,41.54410934
17 11 2018 04:10,2791.096924,10.5149498,3072.886213,63.98332977
17 11 2018 04:30,2866.343994,10.49882984,3065.229885,65.58014679
17 11 2018 06:30,1985.484985,8.882631302,2068.620554,69.48253632
17 11 2018 17:30,2199.263916,8.912418365,2087.690952,81.46498871
18 11 2018 02:40,1015.734985,6.674099922,875.793853,77.64624786
18 11 2018 03:00,786.1414185,5.599788189,498.1691139,82.3651123
18 11 2018 09:30,364.8410034,4.573896885,237.8071498,90.23947906
18 11 2018 16:50,140.267395,4.526756763,227.6847826,157.760498
19 11 2018 05:40,3461.782959,18.50831985,3600,178.6764984
19 11 2018 08:40,3463.064941,16.8176899,3600,183.1894989
19 11 2018 09:10,3602.495117,17.5567894,3600,184.5514984
19 11 2018 20:30,195.8491058,4.498318195,221.6438036,255.0238953
20 11 2018 07:20,1209.375,7.406151772,1209.844321,187.8984985
20 11 2018 07:40,1068.35498,6.897730827,970.6075187,187.7003937
20 11 2018 10:50,945.1749878,6.876508236,961.3524194,205.8999023
20 11 2018 11:20,1131.234985,7.197476864,1107.421514,199.7306976
20 11 2018 20:00,2739.76709,10.9826498,3266.281742,200.0469971
20 11 2018 20:10,2871.644043,11.19171047,3336.011279,201.1764984
21 11 2018 02:50,1282.612061,8.26099968,1682.813496,192.7498016
21 11 2018 04:30,428.8181152,5.903210163,592.8189187,192.1074982
21 11 2018 07:10,639.9750977,6.271584988,719.5050769,148.4868011
22 11 2018 04:30,0,0.749843419,0,283.1940002
22 11 2018 06:20,0,1.525498033,0,18.68119049
22 11 2018 15:10,2608.99292,9.574915886,2498.171273,32.75695038
23 11 2018 04:00,2366.288086,9.697145462,2588.951802,39.54449844
23 11 2018 14:00,942.9249878,6.628685951,857.2546848,37.83572006
23 11 2018 22:00,3011.510986,10.6637001,3140.316607,66.31498718
23 11 2018 23:00,2843.955078,10.57166004,3099.273727,68.19264984
24 11 2018 05:00,2125.137939,9.264567375,2315.749855,57.44380188
24 11 2018 08:30,1187.10498,7.394293785,1203.855682,70.12294769
24 11 2018 14:10,319.7804871,5.257184982,401.7856722,59.96343994
25 11 2018 16:10,2693.562012,10.29885006,2964.349827,195.9938965
26 11 2018 09:10,3602.394043,16.2656498,3600,184.6804047
26 11 2018 17:40,3600.689941,19.32984924,3600,191.2734985
27 11 2018 19:50,3602.225098,13.33279991,3600,173.7324982
27 11 2018 20:00,3597.905029,13.37942982,3600,176.3144989
27 11 2018 21:00,3603.279053,15.94983006,3600,178.9541931
27 11 2018 21:50,3602.928955,15.94985962,3600,178.3562927
28 11 2018 02:00,3602.727051,14.6708498,3600,185.9951935
28 11 2018 03:40,3591.842041,13.29671955,3600,197.2734985
28 11 2018 10:00,3602.660889,14.55344963,3600,186.2174988
28 11 2018 10:40,3602.937988,16.14986038,3600,189.8323059
28 11 2018 13:30,671.6594238,5.698249817,527.8795318,14.08106041
28 11 2018 17:30,3256.498047,11.77884007,3483.291236,22.20820999
29 11 2018 18:30,3600.701904,15.91594982,3600,32.92995071
29 11 2018 22:10,3599.10498,15.85459042,3600,34.59529114
30 11 2018 00:00,3600.1521,16.6528492,3600,31.87944984
30 11 2018 00:30,3599.976074,17.44231033,3600,40.12734985
30 11 2018 08:30,3585.092041,14.05677032,3600,28.62944984
30 11 2018 12:30,2057.764893,10.6076498,3115.582675,25.50815964
30 11 2018 15:20,598.0383911,10.33353996,2982.646866,25.80714989
30 11 2018 15:30,404.0588074,10.13074017,2870.749807,25.32892036
30 11 2018 19:30,239.5765076,5.599429131,498.0624769,46.29878998
01 12 2018 06:00,0,3.667071104,72.94498396,74.61624908
01 12 2018 09:30,0,4.217949867,164.5661465,80.7175293
01 12 2018 23:30,15.02616024,3.078927994,19.02406606,101.9394989
02 12 2018 04:40,887.0609741,6.984364986,1008.965988,129.0740051
02 12 2018 09:20,25.46936035,3.372354984,39.00721824,120.8069
02 12 2018 11:00,-0.113399498,2.660547972,0,106.6034012
02 12 2018 22:50,0,2.683980942,0,113.0794983
03 12 2018 03:50,0,2.575304985,0,130.1963959
03 12 2018 06:30,0,2.975020885,0,113.1764984
03 12 2018 06:50,0,3.052073956,17.88330232,129.885498
03 12 2018 08:30,0,2.83267498,0,137.4902954
03 12 2018 09:40,0,1.635084987,0,149.871994
03 12 2018 10:10,0,1.488203049,0,160.4674988
03 12 2018 14:10,0,2.585484982,0,91.87940979
03 12 2018 21:50,432.5259094,5.480653763,463.4517891,115.8984985
04 12 2018 00:00,762.3311768,5.753749847,545.044675,92.17577362
04 12 2018 11:20,824.1663818,6.725934982,897.2448415,71.8632431
05 12 2018 23:20,3601.238037,15.30498981,3600,12.19754982
06 12 2018 04:10,3601.014893,16.38084984,3600,19.78706932
06 12 2018 05:30,3601.00293,18.55241013,3600,19.44614983
06 12 2018 10:20,3425.204102,15.93564987,3600,18.98913956
06 12 2018 16:40,3006.221924,14.49895954,3600,19.88855934
06 12 2018 22:00,2779.716064,10.4987402,3065.187113,22.61713028
07 12 2018 02:30,2922.399902,10.47494984,3053.759913,24.17868042
07 12 2018 12:40,1212.894043,7.088757992,1056.449898,23.97859001
07 12 2018 15:20,537.0728149,5.599788189,498.1691139,68.36898804
07 12 2018 20:10,0,1.51552701,0,176.4985962
08 12 2018 22:40,3602.049072,16.16695976,3600,193.498703
08 12 2018 23:50,3468.237061,12.1498003,3543.346676,192.8999023
09 12 2018 00:10,3444.594971,11.85966015,3498.4206,194.5166931
09 12 2018 22:30,3579.246094,12.96041965,3597.770751,220.7454987
10 12 2018 00:10,2850.506104,10.49876976,3065.201219,217.3993988
10 12 2018 01:20,2879.086914,10.68190002,3148.175565,222.6764984
10 12 2018 03:40,2975.878906,10.49394989,3062.898408,215.6519012
10 12 2018 03:50,2764.056885,10.7340498,3170.232876,215.8699036
10 12 2018 09:00,3503.423096,11.72144985,3471.829527,189.021698
11 12 2018 01:00,1703.942017,8.39649868,1764.565879,325.4046936
11 12 2018 13:40,0,2.650094986,0,227.8811035
12 12 2018 00:50,653.1087036,5.810522079,562.9224188,59.98249817
12 12 2018 01:20,605.8895874,5.916649818,597.2280852,65.1578598
12 12 2018 12:30,0,4.346449852,190.186353,271.1704102
12 12 2018 13:00,65.14933014,5.060752869,351.0660164,288.7049866
12 12 2018 19:00,20.5135498,3.6501019,70.61385924,242.0447998
13 12 2018 04:30,2020.801025,9.046871185,2174.249805,196.4940033
13 12 2018 06:20,2672.888916,10.45046043,3041.837498,191.2234955
13 12 2018 06:40,2498.760986,9.971434593,2774.212545,192.7406006
13 12 2018 11:10,2856.35498,10.50669956,3068.976351,185.8025055
13 12 2018 11:40,3152.209961,11.16174984,3326.610587,186.4712982
13 12 2018 20:30,1333.10498,7.895823002,1470.915091,161.9273987
14 12 2018 09:10,797.0717163,6.735438824,901.2117366,195.5514984
14 12 2018 19:40,2189.591064,9.585643768,2506.350121,200.9264984
14 12 2018 21:40,3216.134033,11.86201,3498.843011,200.0603943
14 12 2018 22:20,3570.554932,12.3600502,3567.158859,195.510498
15 12 2018 07:10,3601.966064,13.94754982,3600,189.4064941
15 12 2018 08:20,3602.35498,14.89383984,3600,181.7207031
15 12 2018 15:20,1688.014038,8.787057877,2007.725181,175.6894989
15 12 2018 17:10,1441.887939,7.926074982,1487.951271,170.6898041
15 12 2018 22:50,1551.473999,8.317519188,1716.72845,176.7044983
16 12 2018 03:30,0,3.61866498,66.41698795,164.7893982
16 12 2018 05:40,468.4989014,5.870114803,582.0418985,171.9037933
16 12 2018 09:20,2507.410889,10.57409,3100.385498,141.7554016
16 12 2018 12:30,655.1583862,6.394134998,765.1988754,140.635498
17 12 2018 03:30,0,2.084981918,0,76.28653717
17 12 2018 06:10,68.46836853,4.102694988,142.304762,49.68695831
17 12 2018 06:50,102.2454987,4.059295177,134.0875605,65.43599701
17 12 2018 08:50,0,2.112449884,0,92.66394043
17 12 2018 22:10,0,0.889280498,0,79.58055115
18 12 2018 02:20,0,2.71715498,0,71.8585968
18 12 2018 06:10,676.4498901,6.296717167,728.7433593,55.11796951
18 12 2018 15:20,1351.177002,7.403490067,1208.498263,45.17554092
18 12 2018 16:50,3153.870117,11.03814983,3285.74584,34.11600876
18 12 2018 19:30,3588.907959,13.49831009,3600,32.51533127
18 12 2018 20:10,3593.189941,13.75794983,3600,29.49427986
19 12 2018 05:30,2252.870117,11.85916042,3498.330642,12.13074017
19 12 2018 06:40,2245.498047,13.55700016,3600,8.122367859
20 12 2018 00:50,0,5.436157227,450.8204982,43.76234055
20 12 2018 07:20,0,6.082304001,652.1054147,73.14981842
20 12 2018 16:00,0,6.138586044,671.7458868,110.9404984
21 12 2018 02:00,0,3.480531931,49.84989672,255.2138062
21 12 2018 13:30,1236.10498,7.643207073,1332.779774,207.8914032
21 12 2018 15:40,657.6904297,6.438492775,782.1408448,219.5498962
21 12 2018 19:20,1874.984985,8.637104988,1913.190116,213.2539063
22 12 2018 04:50,3439.072021,11.84574986,3495.899969,205.5989075
22 12 2018 06:40,3545.572021,12.43424988,3573.88506,201.6605072
22 12 2018 10:10,2550.35498,9.890855789,2722.35041,198.3027039
22 12 2018 16:40,3519.666016,12.1715498,3546.142202,215.8946075
22 12 2018 19:00,3360.230957,11.71722984,3470.962871,215.6204987
22 12 2018 20:30,2806.569092,10.66314983,3140.077685,219.4311981
23 12 2018 00:30,3600.733887,12.7498703,3593.108901,212.4129944
23 12 2018 14:30,1725.902954,8.378608704,1753.685928,255.3498993
23 12 2018 21:30,654.0894165,6.101498127,658.7654634,259.8638
23 12 2018 23:40,435.7897949,5.814849854,564.2986515,262.3021851
23 12 2018 23:50,381.9545898,5.594820976,496.6949863,250.0715942
24 12 2018 08:50,3601.798096,15.51138973,3600,194.4989014
24 12 2018 16:30,3600.177002,19.5427494,3600,202.0498047
25 12 2018 04:40,1683.430054,8.196407318,1644.396498,7.511802197
25 12 2018 06:00,2037.817017,10.74534988,3174.922927,16.20754051
25 12 2018 06:50,1747.838989,9.893179893,2723.875498,24.26099014
26 12 2018 03:20,103.0356979,7.944667816,1498.471175,19.39773941
26 12 2018 03:40,44.83031845,8.044891357,1555.808022,13.19404984
26 12 2018 11:20,0,5.600924015,498.5065246,24.96574974
26 12 2018 19:50,0,2.425807953,0,35.74814987
26 12 2018 20:40,0,2.802304983,0,27.0782299
27 12 2018 00:30,0,2.379822969,0,356.5794983
27 12 2018 03:00,0,3.841984987,99.65861709,13.73139
27 12 2018 07:50,0,2.619194984,0,333.5284119
28 12 2018 00:50,0,2.994649887,0,50.38061142
28 12 2018 13:40,0,2.449774981,0,190.7812042
28 12 2018 21:00,161.6074982,4.043803215,131.1754279,222.5083008
28 12 2018 23:10,238.7129974,4.662197113,257.143353,223.4989014
29 12 2018 00:30,442.2546997,5.731461048,538.1144072,207.2498932
29 12 2018 02:50,634.6546021,6.113344193,662.8954981,216.7966003
29 12 2018 14:10,0,4.641666889,252.6030498,266.8597107
30 12 2018 02:30,0,4.954984188,325.0172287,11.56690979
30 12 2018 07:40,0,1.493144989,0,66.53382111
30 12 2018 12:00,0,1.379814982,0,20.37232018
30 12 2018 21:50,0,1.204344988,0,286.8139038
31 12 2018 00:10,0,0.657424986,0,72.03378296
31 12 2018 09:20,0,0.449524701,0,146.885498
31 12 2018 10:20,0,2.498549938,0,67.67456055
31 12 2018 21:10,1901.602051,8.498630524,1827.149165,79.39440918
